"题号","题干","A","B","C","D","E","答案","难度","题型"
"1","毛泽东思想产生的社会历史条件有()。","十月革命开辟的世界无产阶级革命的新时代","近代中国社会矛盾和革命运动的发展","工人阶级队伍壮大及工人运动的发展","中国共产党领导的中国新民主主义革命的伟大实践","","ABCD","无","多选题"
"2","毛泽东思想的科学含义是()。","是马克思列宁主义在中国的运用和发展","是被实践证明了的关于中国革命的正确的理论原则和经验总结","是中国共产党集体智慧的结晶","建设中国特色社会主义的理论","","ABC","无","多选题"
"3","毛泽东思想的活的灵魂是()。","群众路线","独立自主","实事求是","理论与实际相结合","","ABC","无","多选题"
"4","1921 年中国共产党的成立,是中国革命历史上划时代的里程碑,中国革命从此焕然一新。从","正确的革命道路","科学的指导思想","坚强的领导力量","崭新的奋斗目标","","BCD","无","多选题"
"5","新民主主义的经济纲领主要内容是()。","消灭富农","没收官僚资本归新民主主义国家所有","保护民族工商业","没收封建地主阶级的土地归农民所有","","BCD","无","多选题"
"6","近代中国社会的主要矛盾是()。","帝国主义和中华民族的矛盾","封建主义和人民大众的矛盾","地主阶级和农民阶级的矛盾","无产阶级与资产阶级的矛盾","","AB","无","多选题"
"7","邓小平指出:“马克思列宁从来没有说过农村包围城市,这个原理在当时世界上还是没有的,","中国内无民主制度,外无民族独立","农民占人口绝大多数,是民主革命的主力军","中国革命的敌人长期占据着中心城市,农村是其统治的薄弱环节","中国经济政治发展的不平衡","","ABCD","无","多选题"
"8","中国共产党人从第一次大革命失败的经验教训中深刻认识到的极端重要的问题有()。","无产阶级领导权问题","农民问题","统一战线必要性问题","武装斗争问题","","ABD","无","多选题"
"9","关于新民主主义向社会主义的过渡,毛泽东等领导人先后有过的两种思路是()。","先进行工业化建设,再一举过渡","建设和改造同时并举,逐步过渡","工业化与农业集体化同时进行","先向社会主义过渡,再搞工业化建设","","AB","无","多选题"
"10","确立社会主义基本制度的重大意义是()。","为中国现代化建设奠定了制度基础","使人民真正成为国家的主人","丰富和发展了马克思主义的科学社会主义理论","使占世界人口四分之一的东方大国进入了社会主义社会","","ABCD","无","多选题"
"11","新民主主义革命和社会主义革命的关系是()。","社会主义革命是新民主主义革命的必然趋势","新民主主义革命和社会主义革命的任务相同","社会主义革命可以合并在新民主主义革命阶段完成","新民主主义革命是社会主义革命的必要准备","","AD","无","多选题"
"12","关于中国新民主主义社会下列说法正确的有()。","就全国范围来讲,新民主主义社会是指从 1949 年中华人民共和国的成立到 1956 年社会主义改造的基本完成","它是一个过渡性质的社会","它从属于社会主义范畴","它与社会主义初级阶段本质上是相同的","","ABC","无","多选题"
"13","所谓和平赎买主要是指()。","国家有偿地将私营企业改造成为国营企业","由国家对资本家支付一批巨额资金","让资本家在一定年限内从企业私营所得中获取一部分利润作为定息","给资本家及其家人支付高额工资和生活费","","AC","无","多选题"
"14","对手工业社会主义改造的方法步骤包括()。","手工业供销小组","手工业供销合作社","办手工业者联合会","手工业生产合作社","","ABD","无","多选题"
"15","新民主主义社会时期,中国社会的阶级结构包括()。","工人阶级","官僚资产阶级","民族资产阶级","农民阶级和其他小资产阶级","","ACD","无","多选题"
"16","1956 年中共中央召开的知识分子问题会议的主要内容有()。","“双百”方针的提出","提出“向现代科学进军”的任务","提出要进行技术革命和文化革命","明确宣布知识分子是工人阶级的一部分","","BCD","无","多选题"
"17","在探索社会主义建设道路的初期,以毛泽东为代表的党的第一代领导人在经济体制和管理","商品生产可以为社会主义服务","实行农业生产责任制","消灭资本主义,又搞资本主义","“三个主体,三个补充”的思想","","ABCD","无","多选题"
"18","刘少奇同志提出实行“两种劳动制度两种教育制度”是指()。","全日制的学校教育制度和八小时工作的劳动制度","半日制的实习制度","半日制的工作制度","半工半读的学校教育制度和半工半读的劳动制度","","AD","无","多选题"
"19","我国在社会主义建设中的主要错误有()。","经济上急于求成,盲目冒进","片面强调一大二公,越大越公越好","不重视发展生产力","政治上阶级斗争扩大化","","ABD","无","多选题"
"20","邓小平关于社会主义本质的论断有()。","建立多层次的社会保障体系","解放和发展生产力","消灭剥削,消除两极分化","达到共同富裕","","BCD","无","多选题"
"21","解放思想与实事求是的关系是()。","解放思想是实事求是的内在要求和前提","实事求是是解放思想的目的和归宿","解放思想和实事求是是对立统一的","解放思想是对实事求是的否定","","ABC","无","多选题"
"22","邓小平关于我国发展的“三步走”战略是()。","从 1981 年到 1990 年国民生产总值翻一番,实现温饱","从 1991 年到本世纪末再翻一番,达到小康","到下世纪中叶再翻两番,达到中等发达国家水平","到下世纪中叶再翻两番,达到发达国家水平","","ABC","无","多选题"
"23","邓小平理论的科学体系包含的主要内容有()。","社会主义本质论","社会主义初级阶段理论","社会主义根本任务的理论","社会主义市场经济理论","","ABCD","无","多选题"
"24","解放思想是指()。","摆脱一切条条框框的束缚","冲破“两个凡是”的桎梏","使思想符合实际","使主观和客观相统一","","BCD","无","多选题"
"25","邓小平理论之所以能够成为马克思主义在中国发展的新阶段,是因为()。","开拓了马克思主义的新境界","把对社会主义的认识提高到了新的科学水平","对当今时代特征和总体国际形势做出了新的科学判断","形成了新的建设中国特色社会主义理论的科学体系","","ABCD","无","多选题"
"26","社会主义的根本任务是发展生产力,这是因为,发展生产力是()。","实现共产主义的物质基础","社会主义本质的内在要求","巩固社会主义制度的需要","解决社会主要矛盾的根本手段","","ABCD","无","多选题"
"27","邓小平提出的“科学技术是第一生产力”的思想包含的内容有()。","科学技术成为推动经济发展的决定性因素","科学技术在生产力系统中成为主导性的要素","科学的本质就是创新","科学技术使管理日益现代化","","ABD","无","多选题"
"28","判断改革开放中一切工作是非得失的根本标准是()。","是否有利于发展社会主义社会的生产力","是否有利于增强社会主义国家的综合国力","是否有利于提高人民的生活水平","是否坚持社会主义道路","","ABC","无","多选题"
"29","","突出四项基本原则的主导地位","突出生产力的基础地位","在动态中描述了社会主义本质","在目标层次上界定了社会主义本质","","BCD","无","多选题"
"30","解放生产力和发展生产力的关系是()。","解放生产力是发展生产力的前提","发展生产力是解放生产力的目的","生产力和生产关系的统一","社会主义根本任务和根本目的的统一","","ABCD","无","多选题"
"31","邓小平强调,培养和选拔德才兼备领导干部的方针是()。","革命化","年轻化","知识化","专业化","","ABCD","无","多选题"
"32","邓小平理论的历史地位是()。","对马克思列宁主义的继承和发展","对毛泽东思想的继承和发展","中国特色社会主义理论体系的开篇之作","改革开放和社会主义现代化建设的科学指南","","ABCD","无","多选题"
"33","党的十三大明确指出社会主义初级阶段的含义是()。","我国处于社会主义的过渡时期","我国的社会主义社会仍处于初级阶段","我国社会已经是社会主义社会","我国处于向共产主义发展的阶段","","BC","无","多选题"
"34","党在社会主义初级阶段的基本路线是()。","以经济建设为中心","以政治建设为中心","坚持四项基本原则","坚持改革开放","","ACD","无","多选题"
"35","社会主义初级阶段至少需要一百年时间的原因是()。","由中国进入社会主义的历史条件和建成社会主义所需要的物质基础所决定","改变我国生产力发展水平落后的基本状况需要经历一个长期的历史过程","要完善社会主义生产关系和上层建筑,实现现代化,是一个长期的过程","发展社会主义应有的发达的生产力的基础要经过一个很长的历史阶段","","ABCD","无","多选题"
"36","改革发展稳定的关系是()。","发展是手段","改革是动力","稳定是前提","发展是目的","","BCD","无","多选题"
"37","经济特区是()。","技术的窗口","知识的窗口","对外政策的窗口","管理的窗口","","ABCD","无","多选题"
"38","中共十一届三中全会后,邓小平领导党和人民实现了若干重要转变,即()。","从“以阶级斗争为纲” 转向以经济建设为中心","从固守成规到各方面的改革","由封闭和半封闭转向开放","从“两个凡是”到否定一些社会主义基本原则","","ABC","无","多选题"
"39","贯彻落实科学发展观,坚持以人为本,要做到()。","发展为了人民","发展成果由人民共享","发展依靠人民","发挥人民首创精神","","ABC","无","多选题"
"40","以人为本是科学发展观的核心立场,集中体现了()。","马克思主义历史唯物论的基本原理","我们党全心全意为人民服务的根本宗旨","推动经济社会发展的根本目的","把促进人的发展作为一切发展的基础","","ABCD","无","多选题"
"41","关于科学发展观,以下表述正确的是()。","体现了历史唯物主义关于生产力是人类社会发展的基础的观点","体现了历史唯物主义关于人民是历史发展主体和人的全面发展的观点","体现了唯物辩证法关于事物之间普遍联系辩证统一的基本原理","体现了辩证唯物主义的关于人与自然关系的思想","","ABCD","无","多选题"
"42","加快形成新的经济发展方式促进经济持续健康发展的重要动力是实现()。","工业化","信息化","城镇化","农业现代化","","ABCD","无","多选题"
"43","毛泽东认为,中国资产阶级包括()。","买办资产阶级","城市小资产阶级","民族资产阶级","乡绅","","AC","无","多选题"
"44","毛泽东思想在土地革命后期和抗日战争时期得到系统总结和多方面展开而达到成熟的原因","大革命以来两次胜利两次失败的经验教训","以毛泽东为核心的中央领导集体的形成标志党在政治上走向成熟","抗日战争时期党所面临的形势为共产党人在斗争中处理矛盾总结经验提供了实践基础","延安整风运动端正了党的思想路线","","ABCD","无","多选题"
"45","在中国共产党初创时期,集中体现我党把马列主义和中国实际相结合的最初成果是()。","《井冈山的斗争》","《中国社会各阶级的分析》","《湖南农民运动考察报告》","《党委会的工作方法》","","BC","无","多选题"
"46","阐述农村包围城市武装夺取政权道路理论的主要文章是()。","《井冈山的斗争》","《中国的红色政权为什么能够存在》","《中国革命战争的战略问题》","《矛盾论》","","AB","无","多选题"
"47","毛泽东思想的历史地位和指导作用主要表现在()。","夺取中国革命胜利的理论武器","立国建国的思想政治基础","中国特色社会主义理论的思想渊源和理论先导","民族团结振兴的精神支柱","","ABCD","无","多选题"
"48","毛泽东思想形成的思想文化条件主要有()。","新启蒙运动","马克思主义在中国的广泛传播","新文化运动","五四运动","","BC","无","多选题"
"49","标志毛泽东思想发展和成熟的重要文献是()。","《〈共产党人〉发刊词》","《抗日游击战争的战略问题》","《中国革命和中国共产党》","《新民主主义论》","","ACD","无","多选题"
"50","毛泽东思想的形成和发展经历的重要阶段有()。","开始萌芽","初步形成","走向成熟","继续发展","","ABCD","无","多选题"
"51","1940 年前后,毛泽东发表了《中国革命和中国共产党》《〈共产党人〉发刊词》《新民主主义论》等著作,主要论述的问题有()。","新民主主义革命的性质对象动力前途等基本问题","新民主主义革命的政治经济文化纲领","新民主主义革命的三大法宝","人民军队建设和革命战争战略战术思想","","ABCD","无","多选题"
"52","实事求是思想路线的基本内容有()。","一切从实际出发","坚持四项基本原则","在实践中检验发展真理","理论联系实际","","ACD","无","多选题"
"53","解放战争时期,毛泽东思想继续发展的突出表现是()。","总结了十大军事原则","提出了工农武装割据的思想","系统地论述了人民民主专政的理论","提出了工作重心由乡村到城市转变的思想","","ACD","无","多选题"
"54","群众路线的内涵包括( )","一切为了群众,一切依靠群众","人民,只有人民,才是创造世界历史的动力","从群众中来,到群众中去","全心全意为人民服务","","ABCD","无","多选题"
"55","毛泽东思想是()。","马克思列宁主义普遍原理和中国革命具体实践相结合的产物","是被实践证明了的关于中国革命与建设的正确的理论原则和经验总结","是中国共产党集体智慧的结晶","是毛泽东个人的独创","","ABC","无","多选题"
"56","毛泽东思想科学体系的鲜明特点是()。","全面性","科学性","独创性","完整性","","BCD","无","多选题"
"57","土地革命后期和抗日战争时期毛泽东思想成熟的代表作有()。","《〈共产党人〉发刊词》","《论联合政府》","《在延安文艺座谈会上的谈话》","《论持久战》","","ABCD","无","多选题"
"58","","马克思主义的基本原理","与本国实际相结合","反对教条主义","反对经验主义","","ABCD","无","多选题"
"59","毛泽东思想作为中国化了的马克思主义,具有以下三方面的要素()。","体现了马克思列宁主义基本原理","包含了中华民族的优秀思想","包含了中国共产党人的实践经验","体现了中华民族的优良传统","","ABC","无","多选题"
"60","江泽民在中共十五大报告中指出:二十世纪中国人民在前进道路上经历了“三次历史性巨","孙中山","毛泽东","陈独秀","邓小平","","ABD","无","多选题"
"61","集中体现毛泽东新民主主义革命理论的著作是()。","《中国的红色政权为什么能够存在?》","《中国革命和中国共产党》","《中国社会各阶级的分析》","《中国革命战争的战略问题》","","ABCD","无","多选题"
"62","毛泽东思想萌芽时期的代表作有()。","《关于红军作战的原则》","《中国社会各阶级的分析》","《国民革命与农民运动》","《湖南农民运动考察报告》","","BCD","无","多选题"
"63","在理论与实际的关系上,中国共产党在历史上曾经存在过的错误倾向主要有()。","盲动主义","自由主义","教条主义","经验主义","","CD","无","多选题"
"64","毛泽东关于党的建设学说的主要著作有()。","《反对自由主义》","《反对党八股》","《学习和时局》","《中国共产党在民族战争中的地位》","","ABCD","无","多选题"
"65","中国走农村包围城市武装夺取政权道路的现实可能性是()。","全国革命形势继续向前发展","较好的群众基础","近代中国是一个政治经济文化发展极不平衡的半殖民地半封建的大国","党的领导及其正确的政策","","ABCD","无","多选题"
"66","近代中国社会的性质和主要矛盾,决定了近代中国革命的根本任务是()。","推翻官僚资本主义的统治","推翻腐朽的旧王朝","推翻帝国主义的统治","推翻封建主义的统治","","ACD","无","多选题"
"67","中国共产党建立巩固和发展革命统一战线的实践经验主要是( )。","要坚持独立自主原则","要建立巩固的工农联盟","要采取区别对待的方针","要正确对待资产阶级,尤其是民族资产阶级","","ABCD","无","多选题"
"68","1941 年 1 月,震惊中外的皖南事变爆发后,《新华日报》刊出周恩来的题词手迹:“为江南死","既联合又斗争","有理,有利,有节","针锋相对,寸土必争","发展进步势力,中间势力,孤立顽固势力","","ABD","无","多选题"
"69","中国革命必须以长期的武装斗争为主要形式的原因是()。","近代中国没有民主制度","近代中国没有民族独立","离开武装斗争就没有无产阶级和共产党的地位","三大敌人掌握政权","","ABCD","无","多选题"
"70","下列说法正确的是()。","把党的工作放在农村革命根据地,但同时不放弃和忽视城市工作的开展","党的工作重心必须放在农村革命根据地,城市工作暂时可以不过问","武装斗争和非武装斗争必须相互配合,否则,武装斗争就不可能取得胜利","重视武装斗争,也要重视其他形式的斗争,但其他形式的斗争必须围绕武装斗争","","ACD","无","多选题"
"71","中国共产党区别其他政党的主要标志是()。","民主集中制","理论联系实际","密切联系群众","批评与自我批评","","BCD","无","多选题"
"72","新民主主义革命理论的形成是基于()。","旧民主主义革命没有为中华民族找到出路","新民主主义革命的实践需要","中国革命经验教训的概括和总结","第三世界国家和人民的觉醒","","ABC","无","多选题"
"73","中国革命走农村包围城市武装夺取政权的道路,必须处理好土地革命武装斗争农村革命根","土地革命是民主革命的基本内容","武装斗争是中国革命的主要形式","农村革命根据地是中国革命的战略阵地","统一战线是进行武装斗争和开展土地革命的依托","","ABC","无","多选题"
"74","新民主主义革命时期,中国共产党领导的统一战线先后经过了(  )","第一次国共合作的统一战线","工农民主统一战线","抗日民族统一战线","人民民主统一战线","","ABCD","无","多选题"
"75","“一次革命论”的错误在于()。","主张把社会主义革命阶段的任务放在民主革命阶段来完成","在反帝反封建的同时,也反对民族资产阶级","只看到了民主革命和社会主义革命的区别,而没有看到两个革命阶段的联系","只看到了民主革命与社会主义革命的联系,混淆了民主革命和社会主义革命的区别","","ABD","无","多选题"
"76","毛泽东在国民革命时期发表的主要著作有()。","《国民党右派分离的原因及其对于革命前途的影响》","《中国社会各阶级的分析》","《国民革命与农民运动》","《湖南农民运动考察报告》","","ABCD","无","多选题"
"77","从 1927 年的八七会议到 1935 年 1 月的遵义会议是毛泽东思想的形成时期,这一时期的代表","《中国的红色政权为什么能够存在?》","《井冈山的斗争》","《星星之火,可以燎原》","《怎样分析农村阶级》","","ABCD","无","多选题"
"78","近代中国社会的阶级结构是“两头小中间大”,“两头”是指()。","农民阶级","无产阶级","城市小资产阶级","地主大资产阶级","","BD","无","多选题"
"79","近代中国社会的阶级结构是“两头小中间大”,“中间大”是指()。","工人阶级","农民阶级","城市小资产阶级","民族资产阶级","","BCD","无","多选题"
"80","关于民主革命时期富农身份的界定,下列选项中正确的有()。","剥削雇农的剩余劳动,是农村中的资产阶级","自身不劳动,出租土地并放高利贷","既是劳动者,又是剥削者","对雇农的剥削带有浓厚的半封建性","","ACD","无","多选题"
"81","新民主主义革命的总路线的基本内容是()。","无产阶级领导的","人民大众的","联合一切爱好和平力量的","反对帝国主义封建主义和官僚资本主义的革命","","ABD","无","多选题"
"82","中国共产党第七次全国代表大会上通过的主要报告有()。","《论联合政府》","《关于修改党章的报告》","《论解放区战场》","《组织问题报告和结论》","","ABC","无","多选题"
"83","主观主义的主要表现形式为()。","教条主义","形式主义","经验主义","宗派主义","","AC","无","多选题"
"84","中国无产阶级的特殊优点有()。","不占有任何生产资料","深受三座大山的压迫,革命性极强","高度集中","与农民有天然的联系","","BCD","无","多选题"
"85","人民军队政治工作的三个基本原则是()。","官兵一致","军民一致","瓦解敌军和宽待俘虏","批评与自我批评","","ABC","无","多选题"
"86","1945 年 4 月,毛泽东在《论联合政府》中提出的党的优良作风有()。","理论和实践相结合的作风","和人民群众紧密地联系在一起的作风","谦虚谨慎戒骄戒躁的作风","自我批评的作风","","ABD","无","多选题"
"87","1925 年中国共产党第四次全国代表大会提出的主要问题有()。","革命武装","民众政权","无产阶级领导权","工农联盟","","CD","无","多选题"
"88","中国共产党在新民主主义革命不同时期提出的土地政策的共同点是()。","体现中国共产党的民主革命纲领","消灭封建剥削制度","维护农民基本利益","促进社会经济发展","","ACD","无","多选题"
"89","党在领导新民主主义革命的过程中,把党的建设作为一项“伟大的工程”,逐步形成了三大","密切联系群众","批评和自我批评","独立自主","理论联系实际","","ABD","无","多选题"
"90","关于中国新民主主义社会,下列说法正确的有()。","就全国范围来讲,新民主主义社会是指从 1949 年中华人民共和国的成立到 1956 年社会主义改造的基本完成","它是一个过渡性质的社会","它从属于社会主义范畴","它与社会主义初级阶段本质上是相同的","","ABC","无","多选题"
"91","七届二中全会提出的“两个转变”的思想是指()。","由新民主主义社会转变为社会主义社会","由农业国转变为工业国","由新民主主义革命转变为新民主主义社会","由半殖民地半封建社会转变为新民主主义国家","","AB","无","多选题"
"92","在新民主主义社会的五种经济成分中,主要的经济成分是()。","社会主义经济","农业手工业个体经济","私人资本主义经济","国家资本主义经济","","ABC","无","多选题"
"93","在对资本主义工商业改造过程中所采取的“四马分肥”是指()。","国家所得税","企业公积金","工人福利基金","资本家的利润(包括股息和红利)","","ABCD","无","多选题"
"94","社会主义改造存在一些偏差和失误的原因是()。","过于追求纯粹单一的社会主义经济成分","对公有制形式的理解和选择过于简单化","对公有制经济与非公经济可以共同发展缺乏认识","对什么是社会主义以及社会主义发展阶段并没有完全搞清楚","","ABCD","无","多选题"
"95","资本主义工商业社会主义改造的重要意义是()。","社会主义公有制经济制度基本确立","劳动人民从此成为生产资料的主人,摆脱受剥削受压迫的地位","进一步解放了社会生产力,“一五”计划提前超额完成","丰富和发展了马克思主义的社会主义改造理论","","ABCD","无","多选题"
"96","社会主义制度完全建成和巩固的首要条件是()。","充分发展社会生产力","实现社会主义工业化","正确处理人民内部矛盾","实现科学技术现代化","","AB","无","多选题"
"97","我国在对农业和手工业社会主义改造中出现的问题是()。","要求过急","改变过快","工作过粗","形式繁多","","ABC","无","多选题"
"98","过渡时期总路线的“两翼”是指()。","国家的社会主义工业化","对农业手工业的社会主义改造","实现社会主义现代化","对资本主义工商业的社会主义改造","","BD","无","多选题"
"99","我国在对资本主义工商业进行社会主义改造过程中创造的国家资本主义的具体形式有()。","加工订货","租赁承包","经销代销","统购包销","","ACD","无","多选题"
"100","民族资产阶级在社会主义革命阶段具有的两面性是指()。","革命性","剥削工人获取利润","妥协性","拥护宪法和愿意接受社会主义改造","","BD","无","多选题"
"101","我国资本主义工商业改造的主要经验有()。","进行和平改造,实行赎买政策","实行各种形式的国家资本主义","由初级到高级逐步过渡","把对企业的改造和对资本家的改造结合起来","","ABCD","无","多选题"
"102","从新民主主义向社会主义过渡的经济条件包括()。","近代资本主义经济和现代工业的初步发展","国营经济的壮大","个体农民有组织起来走互助合作道路的愿望","私人资本主义经济的发展与壮大","","ABC","无","多选题"
"103","和平赎买的优越性在于()。","有利于发挥私营工商业在国计民生方面的积极作用","有利于争取和团结民族资产阶级","有利于团结各民主党派和各界爱国民主人士","有利于争取和团结同资产阶级相联系的知识分子为社会主义建设服务","","ABCD","无","多选题"
"104","新中国成立初期,中国处于新民主主义社会,其经济成分有(  )","社会主义国营经济与合作社经济","个体经济","私人资本主义经济","国家资本主义经济","","ABCD","无","多选题"
"105","新民主主义社会时期,中国社会的阶级构成主要是()。","工人阶级","官僚资产阶级","民族资产阶级","农民阶级和其他小资产阶级","","ACD","无","多选题"
"106","社会主义改造完成后,我国的社会阶级关系发生了根本的变化()。","官僚资产阶级在中国内地已经被消灭","工人阶级已经成为国家的领导阶级","亿万农民和其他个体劳动者已经变成社会主义的集体劳动者","原来的地主和富农正在被改造成为自食其力的新人","","ABCD","无","多选题"
"107","我国对个体农业进行社会主义改造的成功经验主要有(  )。","在土地改革基础上,积极引导个体农民组织起来,走互助合作道路","遵循自愿互利典型示范国家帮助的原则","实行“三级所有队为基础”的农村集体经济体制","采取从互助到初级合作社到高级合作社的逐步过渡形式","","ABD","无","多选题"
"108","下面关于《论十大关系》的描述,正确的是()。","《论十大关系》标志着党探索中国社会主义建设道路的良好开端","“十大关系”涉及生产力和生产关系经济基础和上层建筑各方面","初步总结了我国社会主义建设的经验,明确提出了以苏为鉴,探索中国社会主义建设道路的任务","从十个方面论述了我国社会主义建设需要重点把握的重大关系","","ABCD","无","多选题"
"109","关于社会主义社会的基本矛盾的阐述,正确的是()。","不是对抗性的矛盾,而是非对抗性的矛盾","具有“又相适应又相矛盾”的特点","通过专政方法解决","可以经过社会主义制度本身,不断地得到解决","","ABD","无","多选题"
"110","毛泽东指出的社会主义条件下的两类矛盾是()。","生产力和生产关系的矛盾","人民内部矛盾","资产阶级和无产阶级的矛盾","敌我矛盾","","BD","无","多选题"
"111","关于社会主义发展阶段,毛泽东提出,社会主义又可分为两个阶段,它们是()。","不发达的社会主义","社会主义初级阶段","社会主义高级阶段","比较发达的社会主义","","AD","无","多选题"
"112","改革开放前我国社会主义建设的经验教训主要有()。","忽视生产力发展","机械地理解马克思主义","照搬苏联经验","混淆社会主义本质,特征和体制的区别","","ABCD","无","多选题"
"113","在社会主义改造基本完成后,正确处理人民内部矛盾的具体方针是()。","对外关系上实行和平共处五项原则","政治上实行团结--批评--团结","科学文化上实行“百花齐放,百家争鸣”","经济上实行“统筹兼顾,适当安排”","","ABCD","无","多选题"
"114","“两参一改三结合”的企业管理制度是指()。","改革政治管理体制","工人参加管理","改革不合理的规章制度","干部参加劳动","","BCD","无","多选题"
"115","中共“八大”决定在全党进行整风运动,其主要内容有()。","反对主观主义","反对宗派主义","反对经验主义","反对官僚主义","","ABD","无","多选题"
"116","邓小平在中共“八大”修改党章报告中提出我党要接受的监督是()。","党的内部监督","人民群众的监督","党外人士的监督","国际友好人士的监督","","ABC","无","多选题"
"117","毛泽东认为中国共产党与民主党派实行“长期共存互相监督”方针的原因是()。","我国民主党派在历史上是与共产党长期合作的爱国的进步的政党","在过渡时期,民主党派接受共产党领导,采取为社会主义服务的政治路线","在社会主义改造完成后,各民主党派的成员及其所联系的群众成了社会主义劳动者的一部分,各民主党派也就成了这部分劳动者的政治联盟","民主党派也可以监督共产党,共产党也需要民主党派的监督","","ABCD","无","多选题"
"118","毛泽东提出走中国工业化道路的总方针包括()","以农业为基础","以工业为主导","以农轻重为序发展国民经济","以重轻农为序发展国民经济","","ABC","无","多选题"
"119","毛泽东指出,用民主的方法解决人民内部矛盾,所谓民主方法是指()。","讨论的方法","压服的方法","说服教育的方法","批评的方法","","ACD","无","多选题"
"120","针对人民内部矛盾在具体实践中的不同情况,毛泽东提出了一系列具体方针,正确的是()。","对于思想政治领域的人民内部矛盾,实行“团结-批评-团结”的方针","对科学文化领域里的矛盾,实行“百花齐放,百家争鸣”的方针","对于共产党和民主党派的矛盾,实行在坚持社会主义道路和共产党领导的前提下“长期共存,互相监督”的方针","对于民族之间的矛盾,实行民族平等团结互助的方针","","ABCD","无","多选题"
"121","新中国成立后,毛泽东初步探索中国特色社会主义建设道路的重要著作有()。","《改造我们的学习》","《论十大关系》","《整顿党的作风》","《关于正确处理人民内部矛盾的问题》","","BD","无","多选题"
"122","在《关于正确处理人民内部矛盾》的讲话中,毛泽东系统阐述了社会主义社会基本矛盾的理","社会主义社会的基本矛盾仍然是生产关系和生产力,上层建筑和经济基础之间的矛盾","社会主义社会基本矛盾是在人民利益根本一致基础上的非对抗性矛盾","社会主义社会的基本矛盾具有基本适应部分不适应的特点,又统一又斗争,推动社会主义不断完善巩固","社会主义社会的基本矛盾可以通过社会主义制度本身不断地得到解决","","ABCD","无","多选题"
"123","毛泽东在总结“大跃进”以来我国社会主义建设的经验教训时提出()。","不能剥夺农民,不能超越阶段","要在实践中积累经验,逐步克服盲目性,认识客观规律","要重视商品生产商品交换和价值规律的作用","以农轻重为序安排国民经济计划","","ABCD","无","多选题"
"124","关于社会主义社会基本矛盾正确的是()","是对抗性的矛盾","具有“又相适应又相矛盾”的特点","是非对抗性的矛盾","“它可以经过社会主义制度本身,不断地得到解决”","","BCD","无","多选题"
"125","第一代领导集体对社会主义建设规律和道路初步探索的意义有()。","体现了社会主义制度的优越性,增强了广大人民群众走社会主义道路的信心","为改革开放新时期中国特色社会主义的开创和发展提供了重要的思想资源","为其他国家的社会主义建设提供了经验和借鉴","建设和谐社会的基础","","ABC","无","多选题"
"126","邓小平理论之所以与马列主义毛泽东思想是一脉相承的科学体系,是因为它们()。","所要解决的历史课题是一致的","基本立场是一致的","思想基础是一致的","基本原则是一致的","","BCD","无","多选题"
"127","邓小平理论形成的条件包括()。","和平与发展成为时代主题","我国社会主义建设的经验教训","其他社会主义国家兴衰成败的历史经验","我国改革开放和现代化建设的实践","","ABCD","无","多选题"
"128","邓小平回答和解决了“什么是社会主义,怎样建设社会主义”这一历史性课题,意味着()。","进一步丰富和发展了马列主义毛泽东思想","把对社会主义的认识提高到了新的科学水平","对建设中国特色社会主义有重大的实践指导意义","提出了新的世界观和方法论","","ABC","无","多选题"
"129","邓小平关于社会主义本质的论断(  )。","突出四项基本原则的主导地位","突出生产力的基础地位","在动态中描述了社会主义本质","在目标层次上界定了社会主义本质","","BCD","无","多选题"
"130","邓小平关于社会主义本质的论断体现了()。","解放生产力与发展生产力的统一","发展生产力与实现共同富裕的统一","目的与手段的统一","社会主义发展过程与最终目标的统一","","ABCD","无","多选题"
"131","党在社会主义初级阶段的基本路线最主要的内容是()。","以经济建设为中心","以政治建设为中心","坚持四项基本原则","坚持改革开放","","ACD","无","多选题"
"132","邓小平提出“现在的世界是开放的世界”,这是()。","生产社会化发展的必然结果","市场经济发展的必然结果","各个国家相互联系的结果","经济一体化发展的结果","","ABD","无","多选题"
"133","“三个代表”的要求,是我们党的()。","立党之本","强国之路","执政之基","力量之源","","ACD","无","多选题"
"134","“三个代表”重要思想是与毛泽东思想邓小平理论一脉相承的理论体系,这是因为()。","它们都以马克思列宁主义作为理论基础","它们具有与时俱进的理论品质","它们都以实现社会主义为目标,以解决中华民族的复兴为主题","它们都代表着广大人民的根本利益","","ACD","无","多选题"
"135","“三个代表”重要思想标志着我们党对下列哪三种认识达到了新水平新高度?()","人类社会发展的规律","社会主义建设的规律","无产阶级革命的规律","共产党的执政规律","","ABD","无","多选题"
"136","党的十六大对“三个代表”重要思想的明确定位是()。","对马克思列宁主义毛泽东思想和邓小平理论的继承和发展","反映了当代世界和中国的发展变化对党和国家工作的新要求","加强和改进党的建设推进我国社会主义自我完善和发展的强大理论武器","中国共产党集体智慧的结晶,党必须长期坚持的指导思想","","ABCD","无","多选题"
"137","先进文化是()。","领袖人物的书籍","人类文明进步的结晶","健康的科学的向上的代表未来发展方向和推动社会前进的文化","人类精神文明的载体","","BCD","无","多选题"
"138","江泽民在十六大报告中指出,贯彻“三个代表”的要求,必须()。","使全党始终保持与时俱进的精神状态,不断开拓马克思主义理论发展的新境界","把发展作为党执政兴国的第一要务,不断开创现代化建设的新局面","最广泛最充分地调动一切积极因素,不断为中华民族的伟大复兴增添新力量","以改革的精神推进党的建设,不断为党的肌体注入新活力","","ABCD","无","多选题"
"139","学习贯彻“三个代表”重要思想,必须牢牢把握立党为公执政为民,这是衡量有没有真正学","落实到实现中国梦的伟大实践中去","落实到关心群众生产生活的工作中去","落实到党和国家制定和实施方针政策的工作中去","落实到各级领导干部的思想和行动中去","","BCD","无","多选题"
"140","要做到立党为公执政为民,中国共产党必须坚持()。","始终保持党同人民群众的血肉联系","牢记全心全意为人民服务的根本宗旨,牢记“两个务必”","治国必先治党治党务必从严的方针","反对一切追求个人利益的思想和行为","","ABC","无","多选题"
"141","十六大报告明确指出,走新型工业化道路,需要正确处理()。","高新技术产业和传统产业的关系","资金技术密集型产业和劳动密集型产业的关系","虚拟经济和实体经济的关系","工业与服务业的关系","","ABC","无","多选题"
"142","实现可持续发展必须坚持的基本国策是()。","计划生育","保护环境","保护资源","依法治国","","ABC","无","多选题"
"143","与时俱进就是党的全部理论和工作要()。","体现时代性","把握规律性","注重协调性","富于创造性","","ABD","无","多选题"
"144","贯彻“三个代表”重要思想的根本要求是()。","关键是坚持与时俱进","本质在坚持执政为民","坚持以经济建设为中心","核心在坚持党的先进性","","ABD","无","多选题"
"145","下面关于“三个代表”重要思想的说法,正确的有()。","反映了我国最广大人民的共同愿望","反映了当代世界和中国的发展变化对党和国家工作的新要求","显示了马克思主义科学理论的强大力量","是对马克思列宁主义毛泽东思想和邓小平理论的继承和发展","","ABCD","无","多选题"
"146","“三个代表”之间的关系是()。","发展先进生产力,是发展先进文化实现最广大人民根本利益的基础条件","发展先进文化,是发展先进生产力实现最广大人民根本利益的重要保障","人民群众是先进生产力和先进文化的创造主体,也是实现自身利益的根本力量","不断发展先进生产力和先进文化,归根到底都是为了满足人民群众日益增长的物质文化生活需要,不断实现最广大人民的根本利益","","ABCD","无","多选题"
"147","关于党的指导思想的与时俱进的过程,正确的是()。","从新文化运动开始,就把马克思列宁主义确立为党的指导思想","党的“七大”把毛泽东思想确立为党的指导思想","党的十五大把邓小平理论确立为党的指导思想","党的十六大把“三个代表”重要思想确立为党的指导思想","","BCD","无","多选题"
"148","党的二十大报告重申，我们坚持走中国特色社会主义政治发展道路，全面发展全过程人民","集中化","制度化","规范化","程序化","","BCD","无","多选题"
"149","实践告诉我们，中国共产党为什么能，中国特色社会主义为什么好，归根到底是( )。","共产主义行","马克思主义行","中国化时代化的马克思主义行","中国特色社会主义理论体系行","","BC","无","多选题"
"150","面对国际局势急剧变化，特别是面对外部讹诈遏制封锁极限施压，我们坚持( )，保持战略","国家利益为重","人民利益至上","国内政治优先","国际政治优先","","AC","无","多选题"
"151","十年来，我们经历了对党和人民事业具有重大现实意义和深远历史意义的三件大事包括:( )。","迎来中国共产党成立一百周年","中国特色社会主义进入新时代","完成脱贫攻坚全面建成小康社会的历史任务，实现第一个百年奋斗目标","深入贯彻“四个全面”战略布局","","ABC","无","多选题"
"152","我们党立志于（ ），致力于人类和平与发展崇高事业，责任无比重大，使命无上光荣。","中华民族千秋伟业","和平与发展","发展与改革","社会主义现代化","","AB","无","多选题"
"153","全党同志务必不忘初心牢记使命，务必（ ）（ ），务必（ ）（ ），坚定历史自信，增强","谦虚谨慎","艰苦奋斗","敢于斗争","善于斗争","","ABCD","无","多选题"
"154","我们隆重庆祝中国共产党成立一百周年中华人民共和国成立（ ），制定第三个（ ）。","七十周年","八十周年","历史决策","历史决议","","AD","无","多选题"
"155","面对这些影响党（ ）国家（ ）人民 （ ）的突出矛盾和问题，党中央审时度势果敢抉择，","繁荣昌盛","长期执政","长治久安","幸福安康","","BCD","无","多选题"
"156","世纪疫情影响深远，（ ）思潮抬头，（ ）（ ）明显上升，世界经济复苏乏力，局部冲突","逆全球化","单边主义","保护主义","恐怖主义","","ABC","无","多选题"
"157","坚持（ ）道路。坚持以（ ）为中心，坚持（ ），坚持（ ）。","中国特色社会主义","经济建设","四项基本原则","改革开放","","ABCD","无","多选题"
"158","必须坚持（ ）是第一生产力（ ）是第一资源（ ）是第一动力，深入实施科教兴国战略人","产业","科技","人才","创新","","BCD","无","多选题"
"159","弘扬以（ ）为源头的中国共产党人（ ）谱系，用好（ ），深入开展社会主义（ ）宣传教育，深化爱国主义集体主义社会主义教育，着力培养担当民族复兴大任的时代新人。","伟大建党精神","精神","红色资源","核心价值观","","ABCD","无","多选题"
"160","增强中华文明（ ）（ ）。坚守中华文化立场，提炼展示中华文明的精神标识和文化精髓，","传播力","影响力","公信力","文化力","","AB","无","多选题"
"161","为民造福是（ ）（ ）的本质要求。必须坚持在发展中保障和改善民生，鼓励共同奋斗创造","以人为本","立党为公","官为民役","执政为民","","BD","无","多选题"
"162","“（ ）（ ）”方针是实现两岸统一的最佳方式，对两岸同胞和中华民族最有利。我们坚持","和平统一","一国两制","一个中国","九二共识","","ABCD","无","多选题"
"163","中国共产党愿在（ ）（ ）（ ）（ ）原则基础上加强同各国政党和政治组织交流合作，积","独立自主","完全平等","互相尊重","互不干涉内部事务","","ABCD","无","多选题"
"164","坚持和加强党中央集中统一领导。党的领导是（ ）（ ）（ ），必须全面系统整体加以落","全面的","系统的","整体的","局部的","","ABC","无","多选题"
"165","抓好后继有人这个根本大计，健全培养选拔优秀年轻干部常态化工作机制，把到（ ）和（","基层","艰苦地区","企业","发达地区","","AB","无","多选题"
"166","全党全军全国各族人民要紧密团结在党中央周围，牢记（ ）（ ），坚定信心同心同德，","空谈误国","实干兴邦","埋头苦干","奋勇前进","","ABCD","无","多选题"
"167","我们坚定站在历史正确的一边站在人类文明进步的一边，高举（ ）（ ）（ ）（ ）旗帜，","和平","发展","合作","共赢","","ABCD","无","多选题"
"168","深化金融体制改革，建设（ ）制度，加强和完善（ ），强化（ ）体系，依法将各类金融活动全部纳入监管，守住不发生系统性风险底线。健全资本市场功能，提高直接融资比重。","现代中央银行","现代金融监管","金融稳定保障","产业融资管理","","ABC","无","多选题"
"169","世纪疫情影响深远，（ ）思潮抬头，（ ）（ ）明显上升，世界经济复苏乏力，局部冲突","逆全球化","单边主义","保护主义","恐怖主义","","ABC","无","多选题"
"170","我国发展进入战略机遇和风险挑战并存不确定难预料因素增多的时期，各种“黑天鹅”“灰","忧患意识","底线思维","居安思危","未雨绸缪","","ABCD","无","多选题"
"171","坚决维护党中央权威和集中统一领导，把党的领导落实到党和国家事业各领域各方面各环","政治凝聚力","发展自信心","万众一心","共克时艰","","ABCD","无","多选题"
"172","坚持（ ）道路。坚持以（ ）为中心，坚持（ ），坚持（ ）。","中国特色社会主义","经济建设","四项基本原则","改革开放","","ABCD","无","多选题"
"173","必须坚持（ ）是第一生产力（ ）是第一资源（ ）是第一动力，深入实施科教兴国战略人","产业","科技","人才","创新","","BCD","无","多选题"
"174","深入推进改革创新，坚定不移扩大开放，着力破解深层次体制机制障碍，不断彰显中国特色社会主义制度优势，不断增强社会主义现代化建设的动力和活力，把我国（ ）更好转化为（ ）。","制度优势","经济优势","国家治理效能","国家治理手段","","AC","无","多选题"
"175","发展乡村（ ），拓宽农民（ ）渠道。巩固拓展（ ）成果，增强脱贫地区和脱贫群众（ ）","特色产业","增收致富","脱贫攻坚","内生发展","","ABCD","无","多选题"
"176","促进区域协调发展。深入实施区域（ ）战略区域（ ）（ ）战略（ ）战略，优化重大生产","协调发展","重大战略","主体功能区","新型城镇化","","ABCD","无","多选题"
"177","党和国家事业取得（ ）成就发生（ ）变革，推动我国迈上全面建设社会主义现代化国家新","创造性","历史性","历史性","根本性","","BC","无","多选题"
"178","推进（ ）对外开放。依托我国（ ）市场优势，以（ ）吸引全球资源要素，增强（ ）两个","高水平","超大规模","国内大循环","国内国际","","ABCD","无","多选题"
"179","深化（ ）改革，深化（ ）改革，加大多元化（ ），加强知识产权（ ），形成支持全面创","科技体制","科技评价","科技投入","法治保障","","ABCD","无","多选题"
"180","全党必须（ ）（ ），（ ）（ ），主动防范化解风险，不断夺取全面建设社会主义现代化","坚定信心","锐意进取","主动识变","应变求变","","ABCD","无","多选题"
"181","到二〇三五年，我国发展的总体目标是……建成现代化经济体系，形成新发展格局，基本","工业化","信息化","城镇化","农业现代化","","ABCD","无","多选题"
"182","我们坚持可持续发展，坚持节约优先保护优先自然恢复为主的方针，像保护眼睛一样保护","生产发展","生活富裕","生态良好","永续发展","","ABCD","无","多选题"
"183","未来五年是全面建设社会主义现代化国家开局起步的关键时期，主要目标任务是……全过","制度化","规范化","程序化","系统化","","ABC","无","多选题"
"184","习近平新时代中国特色社会主义思想，是（	），必须长期坚持并不断发展。","对马克思列宁主义、毛泽东思想、邓小平理论、""三个代表""重要思想、科学发展观的继承和发展","马克思主义中国化时代化最新成果，党和人民实践经验和集体智慧的结晶","中国特色社会主义理论体系的重要组成部分","全党全国人民为实现中华民族伟大复兴而奋斗的行动指南","","ABCD","无","多选题"
"185","党的十八大以来，以习近平同志为核心的党中央，准确把握中国特色社会主义的（	），","发展新动力","时代新变化","实践新要求","历史新方位","","BCD","无","多选题"
"186","党的十八大以来，习近平总书记带领全党全国各族人民接续推进伟大社会革命，开创了中","取得历史性成就","取得历史性成绩","发生转折性变革","发生历史性变革","","AD","无","多选题"
"187","党的十八大以来，党的理论创新实现了新飞跃，党的执政方式和执政方略有重大创新，","发展理念和发展方式有重大转变","发展环境和发展条件有重大变化","发展广度和发展深度有极大拓展","发展水平和发展要求变得更高","","ABD","无","多选题"
"188","党的十八大以来，以习近平同志为核心的党中央，统揽（	）推动中国特色社会主义进","伟大工程","伟大斗争","伟大事业","伟大梦想","","ABCD","无","多选题"
"189","从发展阶段看，党的十八大以来，（	），中国特色社会主义进入新的发展阶段。","我国已全面建成小康社会","改革开放和社会主义现代化建设取得历史性成就","我国发展站到了新的历史起点上","我国已确立了社会主义基本制度","","BC","无","多选题"
"190","党的十八大以来，党和国家事业之所以取得全方位开创性历史成就，根本在于（	）。","习近平新时代中国特色社会主义思想的科学指导","先进的社会主义制度","以习近平同志为核心的党中央的坚强领导","马克思主义思想指导","","AC","无","多选题"
"191","中国特色社会主义进入了新时代，这一重大论断，赋予党的（	）以新的时代内涵。","理论遵循","本质属性","目标任务","历史使命","","ACD","无","多选题"
"192","中国特色社会主义进入新时代，意味着近代以来久经磨难的中华民族，迎来了（	）。","全面建设小康社会的新目标","从温饱不足到小康富裕的伟大飞跃","实现中华民族的伟大复兴的光明前景","从站起来富起来到强起来的伟大飞跃","","CD","无","多选题"
"193","明确中国特色社会主义进入新时代，（	）。","体现了把握历史规律和历史趋势的高度自觉和高度自信","表明我国已全面建成小康社会","进一步彰显了中国共产党与时代共同进步的先进性本色","表明中国完成了最广泛而深刻的社会变革","","AC","无","多选题"
"194","习近平新时代中国特色社会主义思想是对（ ）（ ）（ ）（ ）的继承和发展。","马克思列宁主义，毛泽东思想","邓小平理论","“三个代表”重要思想","科学发展观","","ABCD","无","多选题"
"195","习近平新时代中国特色社会主义思想是把马克思主义基本原理同（ ）和（ ）相结合的光辉","中国具体实际","革命文化","中华优秀传统文化","世界文化","","AC","无","多选题"
"196","党的十八大以来，（	）正在一前所未有的方式展开，世界百年未有之大变局加速演进。","世界之变","时代之变","历史之变","人类之变","","ABC","无","多选题"
"197","新世纪新阶段，我国进入（	），经济社会发展呈现一系列新的阶段性特征。","发展关键期","改革攻坚期","开放活跃期","矛盾凸显期","","ACD","无","多选题"
"198","以习近平同志为核心的党中央以伟大的历史主动精神巨大的政治勇气强烈的责任担当，统","伟大斗争","伟大工程","伟大事业","伟大梦想","","ABCD","无","多选题"
"199","以习近平同志为核心的党中央统筹把握（	），坚持把马克思主义基本原理同中国具体实","中华民族伟大复兴战略全局","世界百年未有之大变局","中华民族伟大复兴","中国特色社会主义前进的方向","","AB","无","多选题"
"200","习近平新时代中国特色社会主义思想科学回答了（	）等重大时代课题。","新时代坚持和发展什么样的中国特色社会主义，怎样坚持和发展中国特色社会主义","建设什么样的社会主义现代化强国，怎样建设社会主义现代化强国","建设什么样的长期执政的马克思主义政党，怎样建设长期执政的马克思主义政党","实现什么样的人类发展，怎样实现人类发展","","AB","无","多选题"
"201","习近平新时代中国特色社会主义思想是（	）。","当代中国马克思主义","21 世纪马克思主义","创新的马克思主义","时代的马克思主义","","AB","无","多选题"
"202","中国特色社会主义理论体系是中国共产党长期探索的伟大理论创造，同（	）一脉相承又","空想社会主义","科学社会主义","马克思列宁主义","毛泽东思想","","CD","无","多选题"
"203","马克思主义中国化时代化的实质是(  )。","学习马克思主义基本原理","照搬照抄马克思主义","把马克思主义基本原理同中国具体实际相结合","把马克思主义基本原理同中国优秀传统文化相结合","","CD","无","多选题"
"204","坚持与时俱进,就要正确回答()。","如何认识社会主义发展的历史进程","如何认识资本主义发展的历史进程","如何认识我国社会主义改革实践过程对人们思想的影响","如何认识当今国际环境和国际政治斗争带来的影响","","ABCD","无","多选题"
"205","坚持与时俱进,一定要()。","看到《共产党宣言》发表 150 多年来世界政治、经济、文化、科技等发生的重大变化","看到我国社会主义建设发生的重大变化","看到广大党员干部和人民群众工作生活条件和社会环境发生的重大变化","充分估计这些变化对我们党执政提出的严峻挑战和崭新课题","","ABCD","无","多选题"
"206","江泽民在十六大报告中指出,创新是一个民族进步的灵魂,是一个国家兴旺发达的不竭动力。","主要包括理论创新、制度创新、科技创新和文化创新","理论创新是前提,是关键,要使党和国家的事业不停顿,首先理论上不能停顿","实践基础上的理论创新是社会发展和变革的先导","通过理论创新推动其他方面创新,不断在实践中探索前进,是我们要长期坚持的治国之道","","ABCD","无","多选题"
"207","在对待马克思主义态度上,江泽民始终强调要做到两个“坚定不移、不能含糊”()。","必须坚持马克思主义的立场、观点和方法,坚持马克思主义基本原理","必须贯彻解放思想、实事求是的思想路线,坚持勇于追求真理和探索真理的革命精神","必须坚持贯彻执行对内搞活经济对外实行开放的方针","必须坚持物质文明和精神文明两手抓、两手都要硬","","AB","无","多选题"
"208","要坚持以实际问题为中心研究马克思主义的方法()。","着眼于马克思主义理论的运用","以我们正在做的事情为中心","着眼于新的实践和新的发展","着眼于对实际问题的理论思考","","ABCD","无","多选题"
"209","党要承担起推动中国社会进步的历史责任()。","必须始终紧紧抓住发展这个执政兴国的第一要务","把坚持党的先进性和发挥社会主义制度的优越性,落实到发展先进生产力、发展先进文化、实现最广大人民的根本利益上来","推动社会全面进步","促进人的全面发展","","ABCD","无","多选题"
"210","建设社会主义政治文明()。","是我国改革开放和社会主义现代化建设发展的必然要求","是我们党领导人民坚持和发展人民民主长期实践的必然结论","是社会主义现代化建设的重要目标","最根本的是要坚持党的领导、人民当家做主和依法治国的有机统一","","ABCD","无","多选题"
"211","发展社会主义民主政治,就是要()。","健全民主制度","充分调动广大人民群众的积极性、主动性和创造性","扩大公民有序的政治参与","保证人民依法实行民主选举、民主决策、民主管理和民主监督,享有广泛的权利和自由","","ABCD","无","多选题"
"212","我们创立了新时代中国特色社会主义思想，明确坚持和发展中国特色社会主义的基本方略，","改造思维","武装头脑","指导实践","推动工作","","BCD","无","多选题"
"213","10、中国式现代化是全体人民共同富裕的现代化。共同富裕是中国特色社会主义的本质要","稳定和谐","公平正义","共同富裕","同步富裕","","BC","无","多选题"
"214","在基本实现现代化的基础上，我们要继续奋斗，到本世纪中叶，把我国建设成为（ ）和（","综合国力","军事实力","国际影响力","经济实力","","AC","无","多选题"
"215","1 须完整、准确、全面贯彻新发展理念，坚持社会主义（ ）改革方向，坚持（ ）对外开放，","市场经济","高水平","国内大循环","国内国际双循环","","ABCD","无","多选题"
"216","我们要坚持以推动（ ）为主题，把实施（ ）战略同深化（ ）改革有机结合起来，增强（","高质量发展","扩大内需","供给侧结构性","国内大循环","","ABCD","无","多选题"
"217","构建高水平社会主义市场经济体制。坚持和完善社会主义基本经济制度，毫不动摇巩固和","公有制经济","非公有制","资源配置","政府作用","","ABCD","无","多选题"
"218","维护人民（ ），增进（ ），不断实现发展（ ）、发展（ ）、发展成果由人民共享，让现","根本利益","民生福祉","为了人民","依靠人民","","ABCD","无","多选题"
"219","我们要坚持教育优先发展、科技自立自强、人才引领驱动，加快建设（ ）、（ ）、（ ），","教育强国","科技强国","文化强国","人才强国","","ABD","无","多选题"
"220","我们要健全人民当家作主制度体系，扩大人民有序政治参与，保证人民依法实行民主选举、","民主协商","民主决策","民主管理","民主监督","","ABCD","无","多选题"
"221","坚持和完善中国共产党领导的多党合作和政治协商制度，坚持（ ）、（ ）、（ ）有机结","党的领导","统一战线","人民民主","协商民主","","ABD","无","多选题"
"222","面依法治国是国家治理的一场深刻革命，关系党（ ），关系人民（ ），关系党和国家（ ）。","执政兴国","幸福安康","和谐稳定","长治久安","","ABD","无","多选题"
"223","法治社会是构筑法治国家的基础。弘扬社会主义（ ），传承中华优秀传统（ ），引导全体","法治精神","法律文化","法治体系","法治权威","","AB","无","多选题"
"224","坚持房子是用来住的、不是用来炒的定位，加快建立（ ）、（ ）、（ ）的住房制度。","多主体供给","多渠道保障","多制度管控","租购并举","","ABD","无","多选题"
"225","中国坚持在和平共处五项原则基础上同各国发展友好合作，推动构建新型国际关系，深化","互惠","平等","开放","合作","","BCD","无","多选题"
"226","加强实践锻炼、专业训练，注重在重大斗争中磨砺干部，增强干部推动高质量发展本领、服务群众本领、防范化解风险本领。加强干部（ ）和（ ）养成，着力增强防风险、迎挑战、抗打压能力，带头担当作为，做到平常时候看得出来、关键时刻站得出来、危难关头豁得出来。","斗争精神","战斗精神","战斗本领","斗争本领","","AD","无","多选题"
"227","以胡锦涛同志为主要代表的中国共产党人，紧紧抓住我国发展的重要战略机遇期，在全面","道路创新","实践创新","理论创新","制度创新","","BCD","无","多选题"
"228","改革开放以来，我们党在强调加快发展的同时，始终重视发展的（	）和（	），重视","水平","速度","质量","效益","","CD","无","多选题"
"229","实践表明，我们既要关注发展（	），又要注重发展质量和效益；既要关注社会财富的","规模和速度","分配和调整","和谐和均衡","总量和均量","","AB","无","多选题"
"230","加快转变经济发展方式，要坚持把经济结构战略性调整作为主攻方向，（	），把","把科技进步和创新作为重要支撑","把共同富裕作为重要发力点","把保障和改善民生作为出发点和落脚点","把建设资源节约型、环境友好社会作为重要着力点","","ACD","无","多选题"
"231","提高自主创新能力，建设创新型国家，是国家发展战略的核心，是提高综合国力的关键。","自主创新","重点跨越","支撑发展","引领未来","","ABCD","无","多选题"
"232","坚持科学发展，必须培养高素质创新型人才，统筹经济社会发展和人才发展，加大创新创","人人为我","我为人人","人人皆可成才","人人尽展其才","","CD","无","多选题"
"233","以人为本的“人”，是指人民群众，就是以（	）等劳动者为主体，包括社会各阶层人","工人","农民","知识分子","资产阶级","","ABC","无","多选题"
"234","人民群众是生产力中（	）、（	）的因素，创造了社会的物质财富和精神财富。","最活跃","最革命","最重要","最勇敢","","AB","无","多选题"
"235","实现（	），是我国社会主义现代化建设的战略任务，也是加快形成新的经济发","工业化","信息化","城镇化","农业现代化","","ABCD","无","多选题"
"236","先进生产力的发展是同（	）的不断完善密切联系在一起的。促进先进生产力的发展，","生产力","底层建筑","生产关系","上层建筑","","CD","无","多选题"
"237","人类社会发展的历史证明，一个民族，物质上不能贫困，精神上也不能贫困，只有物质和","自尊","自信","自爱","自强","","ABD","无","多选题"
"238","始终代表中国最广大人民的根本利益，必须坚持把人民的根本利益作为（	）和（	），充分发挥人民群众的积极性主动性创造性，在社会不断发展进步的基础上，使人民群众不","出发点","归宿","落脚点","着力点","","AB","无","多选题"
"239","我们党（	）人民，（	）人民，（	）人民。","来自","植根于","服务于","忠诚于","","ABC","无","多选题"
"240","贯彻“三个代表”重要思想，关键在坚持（	），核心在坚持（	），本质在坚持（	）。","为人民服务","与时俱进","党的先进性","执政为民","","BCD","无","多选题"
"241","党要承担起推动中国社会进步的历史责任，必须始终紧紧抓住发展这个执政兴国的第一要","先进性","进步性","优越性","优先性","","AC","无","多选题"
"242","江泽民强调，无论国际国内形势如何变化，无论遇到什么样的闲难, 只要正确（	）和（	）","执行","坚持","贯彻","坚守","","BC","无","多选题"
"243","发展是社会主义（	）的协调发展。","物质文明","生态文明","政治文明","精神文明","","ACD","无","多选题"
"244","","改革","发展","稳定","实践","","ABC","无","多选题"
"245","建立社会主义市场经济体制，必须坚持和完善（	）、（	）的社会主义基本经济制度。","公有制为主体","私有制为主体","多种所有制经济共同发展","其他所有制经济共同发展","","AC","无","多选题"
"246","公有制经济不仅包括（	），还包括 混合所有制经济中的国有成分和集体成分。","个体经济","国有经济","集体经济","私营经济","","BC","无","多选题"
"247","历史和现实证明，中美两个大国不打交道是不行的，想改变对方是不切实际的，冲突对抗","相互尊重","和平共处","合作共赢","互不干涉","","ABC","无","多选题"
"248","一直以来，我们党注重物质文明和精神文明协调发展，坚持在推动经济快速发展的同时，","爱国主义教育","集体主义教育","传统美德教育","社会主义教育","","ABD","无","多选题"
"249","历史和现实反复证明，马克思主义只有中国化时代化才能在中国大地上闪耀真理光芒，也","本土化","中国化","现代化","时代化","","BD","无","多选题"
"250","发展社会主义民主政治，就是要健全民主制度，丰富民主形式，扩大公民有序的政治参与，","民主选举","民主决策","民主管理","民主监督","","ABCD","无","多选题"
"251","坚持中国共产党领导的多 党合作和政治协商制度，要加强同民主党派合作共事，更好地体","全民参与","政治协商","民主监督","参政议政","","BCD","无","多选题"
"252","建设社会主义政治文明，必须推进决策的（	）。","科学化","平民化","规范化","民主化","","AD","无","多选题"
"253","进入 20 世纪 90 年代，适应经济全 球化趋势的发展和加入世界贸易组织的新形势，我国以","带进来","推出去","引进来","走出去","","CD","无","多选题"
"254","江泽民紧紧把握经济全球化加快的趋势，强调中国（	），就必须对外开放，加强与","要繁荣","要发展","要进步","要富强","","BCD","无","多选题"
"255","按照（	）方针，建设一支能够担当重任、经得起风浪考验的高素质的领导干部队伍，","革命化","年轻化","知识化","专业化","","ABCD","无","多选题"
"256","领导干部一定要（	）。","讲学习","讲道理","讲正气","讲政治","","ACD","无","多选题"
"257","“三个代表”重要思想提出的一系列关于中国特色社会主义的（	）、根本目的、根本任务、发展动力、依靠力量、 国际战略等重要思想，是完整科学的理论体系，是中国特色社会主义理论体系的重要组成部分，是我们党必须长期坚持的指导思想。","发展道路","发展阶段","发展方向","发展战略","","ABD","无","多选题"
"258","“三个代表”重要思想在邓小平理论的基础上，进一步回答了（   ）、（  ）的问题，创","什么是社会主义","怎样建设社会主义","建设什么样的党","建设什么样的党、怎样建设党的问题","","ABD","无","多选题"
"259","要不断丰富对外开放的形式和内容, 不断提高对外开放的质量和水平，继续推进的对（	）","全方位","多层次","宽领域","多角度","","ABC","无","多选题"
"260","在新的历史时期，加强党的建设具有特殊重要性。这是因为，党现在（	）","面临执政的考验","面临改革开放的考验","面临发展市场经济的考验","面临和平演变的考验","","ABCD","无","多选题"
"261","始终推动我国先进生产力发展和社会全面进步的根本力量是（	）","工人阶级","农民阶级","知识分子","民营科技工作者","","ABC","无","多选题"
"262","社会主义时期统一战线的对象包括（	）","全体社会主义劳动者","拥护社会主义的爱国者","拥护祖国统一的爱国者","与我国有联系的外籍华人","","ABC","无","多选题"
"263","1949 年 3 月，毛泽东在中共七届二中全会的报告中提出的“两个务必”是指（	）","居安思危，增强忧患意识","保持同人民群众的血肉联系","保持谦虚、谨慎、不骄、不躁的作风","保持艰苦奋斗的作风","","CD","无","多选题"
"264","我们党必须解决好的历史性课题是（	）","进一步提高党的领导水平和执政水平","提高全国人民的生活水平和质量","完成祖国统一大业","提高拒腐防变和抵御风险的能力","","AD","无","多选题"
"265","中国共产党是（	）","中国工人阶级的先锋队","中国各族人民利益的忠实代表","中国最广泛的政治联盟和民族团结阵线","中国社会主义事业的领导核心","","ABD","无","多选题"
"266","中国共产党的三大优良作风是（	）","理论联系实际","密切联系群众","批评和自我批评","勤俭节约、艰苦奋斗","","ABC","无","多选题"
"267","在处理国家之间的关系上，中国坚持的原则是（	）","相互尊重主权和领土完整","互不侵犯","互不干涉内政","平等互利和和平共处","","ABCD","无","多选题"
"268","我国始终不渝地奉行独立自主的和平外交政策，它的基本含义是（	）","对一切国际事务，都要从中国人民和世界人民的根本利益出发，根据事情本身的是非曲直，决定自己的立场","不屈从于任何外来压力","不同任何大国或国家集团结盟","不搞军事集团，不参加军备竞赛，不进行军事扩张","","ABCD","无","多选题"
"269","新中国成立后，中国共产党把独立自主、自力更生运用到外交领域和经济建设方面，形成","针锋相对、寸土必争的方针","独立自主的和平外交政策","自力更生为主，争取外援为辅的方针","以农业为基础，以工业为主导的总方针","","BC","无","多选题"
"270","20 世纪 80 年代末 90 年初，世界格局发生的重大变动可以概括为（	）","旧的世界格局已经打破","美国独霸世界的格局已经形成","新的世界格局尚未形成","世界处在新旧格局交替的动荡时期","","ACD","无","多选题"
"271","“一国两制”构想的意义在于（	）","有利于保持港澳台地区的繁荣和稳定","是我国实现国家统一的最佳方式","丰富和发展了马列主义的国家","是对和平共处原则的创造性运用","","ABCD","无","多选题"
"272","在台湾问题上，我们坚决反对（	）","“一中一台”","“两个中国”","“一国两府”","“台湾独立”","","ABCD","无","多选题"
"273","坚持一个中国的原则是（	）","世界上只有一个中国","大陆和台湾同属于一个中国","中国的主权和领土完整不容分割","反对任何形式的“台湾独立”","","ABCD","无","多选题"
"274","中共十六届六中全会指出，社会和谐是（	）","中国特色社会主义的本质属性","国家富强、民族振兴、人民幸福的重要保证","推进经济社会发展的重要目标","我们党不懈奋斗的目标","","ABCD","无","多选题"
"275","我们所要建设的社会主义和谐社会，应该是民主法治、公平正义、诚信友爱、充满活力、","社会主义民主得到充分发扬","社会各方面的利益关系得到妥善协调","依法治国基本方略得到切实落实","各方面积极因素得到广泛调动","","ACD","无","多选题"
"276","我们所要建设的社会主义和谐社会，应该是民主法治、公平正义、诚信友爱、充满活力、","各方面积极因素得到广泛调动","社会各方面的利益关系得到妥善协调","人民内部矛盾和其他社会矛盾得到正确处理","社会公平和正义得到维护和实现","","BCD","无","多选题"
"277","我们所要建设的社会主义和谐社会，应该是民主法治、公平正义、诚信友爱、充满活力、","生产发展","生活富裕","生态良好","人民群众安居乐业","","ABC","无","多选题"
"278","构建社会主义和谐社会的重大意义在于（	）","抓住和用好重要战略机遇期、实现全面建设小康社会宏伟目标的必然要求","把握复杂多变的国际形势、有力应对来自国际环境的各种挑战和风险的必然要求","巩固党执政的社会基础、实现党执政的历史任务的必然要求","大力贯彻落实科学发展观的必然要求","","ABC","无","多选题"
"279","中共十六届六中全会强调，构建社会主义和谐社会，要遵循的原则是（	）","坚持以人为本，坚持科学发展","坚持改革开放，坚持民主法治","坚持正确处理改革发展稳定的关系","坚持在党的领导下全社会共同建设","","ABCD","无","多选题"
"280","中共十六大报告提出，我国当前文化建设和文化体制改革的任务有（	）","坚持弘扬和培育民族精神","切实加强思想道德建设","大力发展教育和科学事业","积极发展文化事业和文化产业及继续深化文化体制改革","","ABCD","无","多选题"
"281","社会主义思想道德建设的基本任务是（	）","坚持爱国主义、集体主义、社会主义教育","加强社会公德、职业道德、家庭美德建设","引导人们自觉提高文化科学素质","引导人们树立正确的世界观、人生观、价值观","","ABCD","无","多选题"
"282","社会主义文化建设的基本内容包括（	）","社会主义思想道德建设","教育科学文化建设","理想建设和纪律建设","政治经济建设","","AB","无","多选题"
"283","党的十六届六中全会通过的《中共中央关于构建社会主义和谐社会若干重大问题的决定》","坚持马克思主义指导思想","坚持中国特色社会主义共同理想","坚持以爱国主义为核心的民族精神和以改革创新为核心的时代精神","坚持社会主义荣辱观","","ABCD","无","多选题"
"284","建设有中国特色的社会主义文化就是（	）","以马克思主义为指导","以培育“四有”公民为目标","面向现代化、面向世界、面向未来","发展民族的、科学的、大众的文化","","ABCD","无","多选题"
"285","中国特色的社会主义政治制度包括（	）","人民民主专政的国体","人民代表大会制度的政体","共产党领导的多党合作和政治协商制度","民族区域自治制度","","BCD","无","多选题"
"286","人民政协的主要职能包括（	）","民主监督","制定国家的法律","政治协商","参政议政","","ACD","无","多选题"
"287","人民代表大会制度是（	）","我国社会主义的根本政治制度","我国的国家政权组织形式","我国的政体","实现人民当家作主的政治组织形式","","ABCD","无","多选题"
"288","依法治国包括以下含义（	）","依法治国的客体是国家事务、经济文化事业和社会事务","依法治国的依据是宪法和法律","依法治国的宗旨是保证国家各项工作依法进行，实现社会主义民主的制度化、法律化","依法治国的方式是在党的领导下，依法治理国家","","ABCD","无","多选题"
"289","在我国实行依法治国具有重大深远的意义（	）","依法治国是发展社会主义市场经济的客观要求","依法治国是建设社会主义民主政治的基本保证","依法治国是社会主义文明进步的重要标志","依法治国是维护社会稳定、国家长治久安的重要保障","","ABCD","无","多选题"
"290","邓小平指出:“计划经济不等于社会主义，资本主义也有计划；市场经济不等于资本主义，","计划和市场都是经济手段","计划经济和市场经济属于社会基本制度范畴","计划和市场可以共存，具有互补性","计划与市场的多少不是社会主义与资本主义的本质区别","","ACD","无","多选题"
"291","公有制的主体地位主要体现在（	）","公有资产在社会总资产中占优势","公有资产在全国各地区、各部门、各产业中都要占优势","国有经济对经济发展起主导作用","国有经济控制国民经济命脉","","ACD","无","多选题"
"292","我国公有制经济包括（	）","国有经济","集体经济","混合所有制经济中的国有成份和集体成份","股份制经济","","ABC","无","多选题"
"293","社会主义市场经济体制的特征是（	）","以公有制为主体，多种所有制经济共同发展的所有制结构","以按劳分配为主体，多种分配方式并存的分配结构","宏观调控上，能更好地发挥计划和市场两种手段的长处","政府不直接干预企业的生产和经营","","ABC","无","多选题"
"294","我国现阶段的非按劳分配方式有（	）","按劳动力价值分配","资产收益","按劳分配以外的劳动和经营收入","按资本、技术、信息等生产要素分配","","ABCD","无","多选题"
"295","我国现阶段的非公有制经济（	）","是社会主义市场经济的重要组成部分","对公有制经济起着有益的补充作用","要予以积极鼓励和引导，使之健康发展","对满足人们多样化需要，增加就业，促进经济发展有重要作用","","ABCD","无","多选题"
"296","党的十六届五中全会提出了建设社会主义新农村的重大历史任务，为做好当前和今后一个","生产发展/生活宽裕","乡风文明","村容整洁","管理民主","","ABCD","无","多选题"
"297","社会保障作为保障社会成员基本生活的社会安全制度，它是由（	）组成的。","社会保险","社会救济","社会福利","社会优抚","","ABCD","无","多选题"
"298","马克思主义中国化是指（	）","把马克思主义基本原理更进一步地和中国实践相结合","把马克思主义基本原理更进一步地和中国历史相结合","把马克思主义基本原理更进一步地和中国文化相结合","使马克思主义在中国实现民族化和具体化","","ABCD","无","多选题"
"299","毛泽东思想的活的灵魂是贯穿于毛泽东思想各个组成部分的立场、观点、和方法，它们的基本方面是(	)","实事求是","群众路线","独立自主","艰苦奋斗","","ABC","无","多选题"
"300","毛泽东思想的科学含义是﹙	﹚。","马克思列宁主义在中国的运用和发展","毛泽东个人的思想","被实践证明了的关于中国革命和建设的正确的理论原则和经验总结","中国共产党集体智慧的结晶","","ACD","无","多选题"
"301","邓小平理论形成的社会历史条件是（	）","对中国社会主义建设经验、教训进行概括和总结的基础上形成的","对其它国家社会主义建设胜利和挫折的经验教训总结的基础上发展形成的","是马克思列宁主义基本原理与中国当代实际相结合而形成的","在我国改革开放和社会主义现代化建设的实践过程中形成和发展起来的","","ABCD","无","多选题"
"302","“三个代表”中的每项内容，都有其特定的内涵和要求，它们之间也是相互联系、相互促","先进生产力是基础和前提","先进文化是灵魂和旗帜","人民群众是先进生产力和先进文化的创造主体，是实现自身利益的根本力量","最广大人民的根本利益是不断发展先进生产力和先进文化的目的","","ABCD","无","多选题"
"303","“三个代表” 重要思想的形成，表明党对﹙ ﹚的认识，达到了新的理论高度。","共产党的执政规律","社会主义建设规律","人类社会发展规律","社会主义市场经济规律","","ABC","无","多选题"
"304","与时俱进，就是党的全部理论和工作要（	）","体现时代性","具有针对性","把握规律性","富于创造性","","ACD","无","多选题"
"305","“三个代表”重要思想的地位和意义在于（	）","A 是新时期党的建设的根本指导思想","是对我们党的性质、宗旨和根本任务的高度概括","发展并丰富了邓小平关于党的建设的理论","是我们党的立党之本、执政之基、力量之源","","ABCD","无","多选题"
"306","科学发展观的主体内涵是（	）","第一要义是发展","核心是以人为本","基本要求是全面协调可持续发展","根本方法是统筹兼顾","","ABCD","无","多选题"
"307","坚持以人为本，必须坚持（	）","尊重社会发展规律和尊重人民历史主体地位的一致性","为崇高理想奋斗和为最广大人民谋利益的一致性","完成党的各项工作和实现人民利益的一致性","我们党全心全意为人民服务的根本宗旨和立党为公、执政为民的本质要求的一致性","","ABC","无","多选题"
"308","马列主义、毛泽东思想、邓小平理论和“三个代表”重要思想之所以是一脉相承的科学体","具有统一的世界观方法论","具有统一的目标、宗旨","具有统一的国内外历史背景","具有统一的价值观、理论品质","","ABD","无","多选题"
"309","科学发展观的根本要求是统筹兼顾，下面哪些属于""五个统筹""（	）","统筹城乡协调发展统筹区域协调发展","统筹经济与社会发展","统筹人与自然和谐发展","统筹国内发展和对外开放","","ABCD","无","多选题"
"310","鸦片战争以后，中华民族面临的两大历史任务是﹙	﹚。","反对官僚资本主义","消灭资产阶级","推翻帝国主义和封建主义在中国的反动统治，求得民族独立和人民解放","实现国家繁荣富强和人民共同富裕","","CD","无","多选题"
"311","实事求是是毛泽东思想的精髓，是因为（	）","毛泽东在延安时为中央党校题了“实事求是”四个大字","毛泽东对实事求是作了马克思主义的解释","它是同毛泽东对中国革命道路的探索联系在一起的，是中国革命胜利的思想武器","它是反对主观主义、经验主义和教条主义的","","ABCD","无","多选题"
"312","邓小平指出，解放思想就是（	）","一切从实用出发","使思想和实际相符合","使主观和客观相符合","实事求是","","BCD","无","多选题"
"313","","一个民族进步的灵魂","一个国家兴旺发达的不竭动力","一个政党永葆生机的源泉","全世界和平与发展的保证","","ABC","无","多选题"
"314","邓小平指出，建设社会主义（	）","必须把马克思主义的普遍真理同本国具体实际相结合","要一切从实际出发，走自己的路","没有固定的模式","必须大胆吸收和借鉴人类社会创造的一切文明成果","","ABCD","无","多选题"
"315","改革是（	）","社会主义社会发展的动力","革命","社会主义制度的自我完善和发展","改变社会主义制度","","ABC","无","多选题"
"316","改革开放以来,我国社会生活发生了广泛而深刻的变化,表现在下列方面（	）","社会上出现了新的经济组织和社会活动领域","就业方式和分配方式多样化","物质利益的多样化日趋明显","群体的不同利益要求越来越多","","ABCD","无","多选题"
"317","我国目前已经形成的对外开放格局是（	）","多合作","全方位","多层次","宽领域","","BCD","无","多选题"
"318","我国实行对外开放，发展对外经济关系的形式有（	）","对外贸易","对外技术交流","国际资金往来","国际劳务合作、国际旅游业","","ABCD","无","多选题"
"319","我国处于并将长期处于社会主义初级阶段，这个初级阶段的涵义有( )","我国已经进入社会主义社会","多种所有制经济、分配方式并存的社会主义社会","我国生产力落后，商品经济不发达条件下的特定阶段","没有实现现代化的不发达的社会主义社会","","AC","无","多选题"
"320","在社会主义初级阶段的基本路线中，（	）","改革开放是核心","改革开放是动力","经济建设是核心","四项基本原则是政治保证","","BCD","无","多选题"
"321","中国将长期处于社会主义的初级阶段的原因是（	）","中国社会主义脱胎于不发达的半封建、半殖民地社会","中国需要相当长时间完成本应由资本主义完成的工业化、市场化","中国作为东方落后大国实现现代化的艰巨性、复杂性","中国社会主义需要相当长时间完善生产关系和上层建筑","","ABCD","无","多选题"
"322","新世纪我国已经进入了全面建设小康社会的新的发展阶段。这是(	)","实现现代化建设第三步战略目标必经的承上启下的发展阶段","完善社会主义市场经济体制的关键阶段，扩大对外开放的关键阶段","经济更加发展、民主更加健全、科教更加进步的阶段","文化更加繁荣、社会更加和谐、人民生活更加殷实的阶段","","ABCD","无","多选题"
"323","毛泽东通过﹙	﹚等著作，初步总结了我国社会主义建设的经验，提出了探索适合中国国","《在中国共产党第七届中央委员会第二次全体会议上报告》","《论十大关系》","《关于正确处理人民内部矛盾的问题》","《论政策》","","BC","无","多选题"
"324","1992 年邓小平南方讲话中提出的重要思想观点有（	）","关于社会主义市场经济理论","关于党的“一个中心，两个基本点”的基本路线","关于社会主义本质的理论","关于“三个有利于”标准的理论","","ACD","无","多选题"
"325","邓小平认为，改革必须坚持的两个重要原则是（	）","坚持以公有制为主体","坚持四项基本原则","坚持共同富裕","坚持解放思想，实事求是","","AC","无","多选题"
"326","社会主义的本质是（	）","解放生产力和发展生产力","发展社会主义市场经济","消灭剥削和消除两极分化","人民共同富裕","","ACD","无","多选题"
"327","社会主义本质提出的意义是(	)","深化了对社会主义基本特征的理解","反映了人民的利益和时代要求，明确了社会主义在中国的发展方向和根本任务","突破了把计划经济当作社会主义本质特征的传统观念","从根本上回答了“什么是社会主义，怎样建设社会主义”的问题，对科学社会主义理论做出了重大的发展","","ABCD","无","多选题"
"328","邓小平提出在我国社会主义建设中，判断各方面工作是非得失的标准，归根到底看其是否有利于（	）","提高全民族的科学文化素质","发展社会主义社会的生产力","增强社会主义国家的综合国力","提高人民的生活水平","","BCD","无","多选题"
"329","新中国成立初期，中国处于新民主主义社会，其经济成分有﹙	﹚。","社会主义国营经济与合作社经济","个体经济","私人资本主义经济","国家资本主义经济","","ABCD","无","多选题"
"330","对个体农业、手工业和资本主义工商业进行社会主义改造，是为了﹙	﹚。","确立社会主义生产关系","健全社会主义上层建筑","继续解放和发展生产力","为实现社会主义工业化创造必要条件","","ACD","无","多选题"
"331","中国社会主义改造的基本经验﹙	﹚。","以和平的方法进行社会主义改造","以渐进的方式推进社会主义改造","把对所有制的改造和对人的改造结合起来同时进行","社会主义改造与社会主义工业化同时并举","","ABCD","无","多选题"
"332","新民主主义革命的动力包括﹙	﹚。","无产阶级","农民阶级","小资产阶级","民族资产阶级","","ABCD","无","多选题"
"333","邓小平认为，时代主题的核心问题是","东西问题","南北问题","和平问题","发展问题","","BD","无","多选题"
"334","邓小平理论形成的历史根据有","我国社会主义建设道路探索的经验","我国社会主义建设道路探索的教训","苏联社会主义建设的教训","其他社会主义国家兴衰成败的历史经验","","ABCD","无","多选题"
"335","我国在探索社会主义建设道路中犯错误的原因有","偏离了实事求是的思想路线","社会主要矛盾判断有误","发动“文化大革命”","没有搞清楚社会主义本质","","ABD","无","多选题"
"336","邓小平同志是","我国卓越的领导人","我党卓越的领导人","三个代表思想的创立者","改革开放的总设计师","","ABD","无","多选题"
"337","党的十一届三中全会","恢复了实事求是的思想路线","停止使用“以阶级斗争为纲”的提法","作出了改革开放的决 策","开展了真理标准问题的大讨论","","ABC","无","多选题"
"338","党的十二大","提出走自己的道路要求","提出了建设有中国特色的社会主义命题","作出了经济体制改革的决定","提出了社会主义初级阶段理论","","AB","无","多选题"
"339","1992 年南方谈话","提出了社会主义本质论","提出了“三个有利于”标准","认为社会主义也可以搞市场经济","是邓小平理论的集大成之作","","ABCD","无","多选题"
"340","邓小平理论","党的十五大正式提出这一概念","党的十五大将之作为党的指导思想","1999 年载入我国宪法","是中国特色社会主义理论体系的开篇之作","","ABCD","无","多选题"
"341","邓小平理论回答的基本问题有","什么是新民主主义","什么是社会主义","什么是科学发展","怎样建设社会主义","","BD","无","多选题"
"342","我国的立国之本有","社会主义道路","共产党的领导","人民民主专政","按劳分配","","ABC","无","多选题"
"343","社会主义改革是","解放生产力","发展生产力","社会主义发展的直接动力","中国的第二次革命","","ACD","无","多选题"
"344","社会主义的本质要求","消灭剥削","消除两极分化","消除贫富差距","实现共同富裕","","ABD","无","多选题"
"345","邓小平社会主义本质论","反映了人民的利益和时代要求","摆脱了拘泥于具体模式的错误","深化了对科学社会主义的认识","回答了什么是社会主义的问题","","ABCD","无","多选题"
"346","社会主义初级阶段是","当代中国的基本国情","当代中国的最大实际","建设中国特色社会主义的总依据","至少需要上百年的时间","","ABCD","无","多选题"
"347","实现社会主义现代化奋斗目标的基本途径有","坚持改革开放","党的领导","以经济建设为中心","坚持四项基本原则","","ACD","无","多选题"
"348","党的十九大决定，我国的奋斗目标有","富强","民主，文明","和谐","美丽","","ABCD","无","多选题"
"349","按照邓小平“三步走”战略，到 20 世纪末","国民生产总值比 81 年翻两番","国内生产总值比 81 年翻两番","解决人民的温饱问题","人民生活达到小康水平","","AD","无","多选题"
"350","中国社会主义改革是","当代中国最鲜明的特点","社会主义制度的自我完善","社会主义发展的直接动力","发展生产力的必由之路","","ABCD","无","多选题"
"351","“三个有利于”标准的内容有","是否有利于发展社会主义的生产力","是否有利于巩固统一战线","是否有利于增强我国综合国力","是否有利于提高人民的生活水平","","ACD","无","多选题"
"352","中国无产阶级具有的优点有","富于组织纪律性,与先进的生产方式相联系","没有私人占有的生产资料","具有革命的坚决性和彻底性","分布集中，有利于革命思想的传播和强大革命力量的形成","","ABCD","无","多选题"
"353","下列毛泽东的科学著作中，写于二十世纪四十年代的有","《星星之火，可以燎原》","《反对本本主义》","《新民主主义论》","《论联合政府》","","CD","无","多选题"
"354","在下列选项中，对新民主主义经济纲领中关于土地改革所含内容理解正确的有","没收富农多余土地平分给贫苦农民","团结中农，允许中农保有比他人略多的土地","没收地主土地，不再对地主分配土地","实行耕者有其田，将土地的所有权分配给农民","","BD","无","多选题"
"355","近代中国社会的阶级结构是“两头小中间大”，“两头”是指","无产阶级","农民阶级","地主大资产阶级","城市小资产阶级","","AC","无","多选题"
"356","在新民主主义革命时期，中国共产党的建设面临的特殊困难有","长期在农村发展，且处于战争环境之中","中国社会封建思想的影响","农民和小资产阶级出身的革命者大量入党，使党处于小资产阶级思想的包围之中","国民党的破坏","","ABC","无","多选题"
"357","新民主主义革命和社会主义革命的关系是","新民主主义革命和社会主义革命的任务相同","两个革命之间需要有一个资本主义的过渡阶段","新民主主义革命是社会主义革命的必要准备","社会主义革命是新民主主义革命的必然趋势","","CD","无","多选题"
"358","近代中国半殖民地半封建的社会性质，决定了","中国革命的主要对象是帝国主义和封建主义","中国革命的性质是资产阶级民主主义革命","中国革命的动力包括工人、农民、小资产阶级和民族资产阶级","中国革命的前途是由新民主主义走向社会主义","","ABC","无","多选题"
"359","毛泽东指出，中国革命战争的主要特点有","政治经济发展不平衡","敌人的强大，人民军队的弱小","共产党的领导","土地革命的开展","","ABCD","无","多选题"
"360","经济增长的“三驾马车”是","投资","进口","出口","消费","","ACD","无","多选题"
"361","下列哪些是社会主义核心价值观对个人层面的要求:","爱国","法治","敬业","诚信","","ACD","无","多选题"
"362","下列哪些是社会主义核心价值观对国家层面的要求:","民主","文明","公正","和谐","","ACE","无","多选题"
"363","下列哪些是社会主义核心价值观对社会层面的要求:","文明","自由","平等","法治","","BCD","无","多选题"
"364","新形势下党面临的考验有:","执政考验","市场经济考验","改革开放考验","脱离群众考验","","ABC","无","多选题"
"365","科学发展观的基本要求有:","发展","全面","协调","可持续","","BCD","无","多选题"
"366","下列哪些是构建社会主义和谐社会的要求:","民主法治、公平正义","诚信友爱","安定有序","充满活力","","ABCD","无","多选题"
"367","坚持以人为本，就是坚持:","发展为了人民","发展依靠人民","发展成果人民共享","最终为了人的全面发展","","ABCD","无","多选题"
"368","发展依靠人民，要做到:","问政于民","问计于民","问需于民","执政为民","","ABC","无","多选题"
"369","科学发展观形成的条件有:","我国的基本国情","我国改革开放的实践经验","国际形势与国外的发展经验教训","我国的阶段性特征","","ABCD","无","多选题"
"370","转变经济发展方式，要依靠:","科技进步","劳动者素质提高","管理创新","消费、投资、出口协调拉动","","ABCD","无","多选题"
"371","坚持党的群众路线，要牢固树立的观点有:","人民群众是历史的创造者","虚心向人民群众学习","干部的权力是人民赋予的","竭诚为最广大人民谋利益","","ABCD","无","多选题"
"372","我国的政治体制改革，绝不搞:","多党轮流执政","三权分立","两院制","多党合作制","","ABC","无","多选题"
"373","我国的基本政治制度有:","人民代表大会","多党合作与政治协商","民族区域自治","基层群众自治","","BCD","无","多选题"
"374","社会主义核心价值体系的内容有:","社会主义荣辱观","中国特色社会主义共同理想","以爱国主义为核心的民族精神","以改革创新为核心的时代精神","","ABCD","无","多选题"
"375","新形势下党面临的危险有:","精神懈怠","能力不足","脱离群众","消极腐败","","ABCD","无","多选题"
"376","科学发展观最鲜明的精神实质是:","解放思想","实事求是","与时俱进","求真务实","","ABCD","无","多选题"
"377","关于文化的理解，正确的有","民族的血脉","人民的精神家园","创造力的源泉","综合国力的要素","","ABCD","无","多选题"
"378","建设生态文明，要","以自然规律为准则","以资源环境承载力为基础","以可持续发展为目标","发展经济为首要任务","","ABC","无","多选题"
"379","“三个代表”重要思想产生的时代背景是","世界多极化","经济全球化","冷战结束","和平与发展的时代主题","","ABCD","无","多选题"
"380","“三个代表”重要思想形成于","20 世纪 70 年代末","20 世纪 80 年代末","20 世纪 70 年代初","20 世纪 90 年代初","","BD","无","多选题"
"381","提出党的建设新的伟大工程的党的会议是","十三大","十四大","十四届四中全会","十五大","","CD","无","多选题"
"382","江泽民提出的“四个如何认识”是","如何认识社会主义发展的历史进程","如何认识资本主义发展的历史进程","如何认识我国社会主义改革实践过程对人们思想的影响","如何认识当今的国际环境和国际政治斗争带来的深刻影响","","ABCD","无","多选题"
"383","2002 年江泽民提出贯彻“三个代表” 要求","关键在坚持改革开放","关键在坚持与时俱进","核心在保持党的先进性","本质在坚持执政为民","","BCD","无","多选题"
"384","江泽民在党的十六大报告中全面阐述了“三个代表”重要思想的","时代背景","历史地位","精神实质","指导意义","","ABCD","无","多选题"
"385","2001 年江泽民在庆祝中国共产党成立 80 周年大会讲话中全面阐述了“三个代表”重要思想","时代背景","科学内涵","精神实质","基本内容","","BD","无","多选题"
"386","习近平新时代中国特色社会主义思想,正是在对（	）的深邃思考、深刻总结，对（	）","科学社会主义理论与实践","坚持和发展中国特色社会主义","马克思主义中国化时代化","社会主义改革开放","","AB","无","多选题"
"387","习近平新时代中国特色社会主义思想，正是在党不断实现（	），以伟大自我革命引领","自我净化","自我完善","自我革新","自我提高","","ABCD","无","多选题"
"388","习近平新时代中国特色社会主义思想是马克思主义基本原理（	）的重大成果，是坚持","同中国社会发展相结合","同中国具体实际相结合","同中华优秀传统文化相结合","同社会主义现代化建设相结合","","BC","无","多选题"
"389","习近平新时代中国特色社会主义思想是（	），是中华文化和中国精神的时代精华，实","当代中国马克思主义","二十一世纪马克思主义","马克思主义中国化时代化新的飞跃","马克思主义理论的创新发展","","ABC","无","多选题"
"390","习近平新时代中国特色社会主义思想创立的时代背景是（	）","世界百年未有之大变局加速演进","新时代中国正处于中华民族伟大复兴的关键时期","我国经济高速度发展","中国成为世界领导角色","","AB","无","多选题"
"391","中国特色社会主义制度的根本制度有（	）。","党的领导制度","人民代表大会制度","马克思主义指导制度","基层群众自治制度","","ABC","无","多选题"
"392","中国特色社会主义进入了新时代的判断，是（	）。","基于我国发展进入新阶段的伟大成就","基于社会主要矛盾发生新变化","基于党的新的奋斗目标","基于我国面临新的国际环境。","","ABCD","无","多选题"
"393","中国特色社会主义新时代，（	）。","是承前启后、继往开来，在新的历史条件下继续夺取中国特色社会主义伟大胜利的时代。","是决胜全面建成小康社会、进而全面建设社会主义现代化强国的时代。","是全国各族人民团结奋斗、不断创造美好生活、逐步实现全体人民共同富裕的时代.","全体中华儿女勠力同心、奋力实现中华民族伟大复兴中国梦的时代。","","ABCD","无","多选题"
"394","中国梦的科学内涵是（	）","国家富强","社会和谐","民族振兴","人民幸福","","ACD","无","多选题"
"395","中国梦的实现途径是（	）。","坚持中国道路","维护世界和平","弘扬中国精神","凝聚中国力量","","ACD","无","多选题"
"396","中国梦是（	）的梦，与世界各国人民的美好梦想相通。","和平","发展","合作","共赢","","ABCD","无","多选题"
"397","（	），是我们党的初心和使命，是党领导现代化建设的出发点和落脚点，也是新发展理念的“根”和“魂。","为人民谋幸福","为人民谋复兴","为民族谋复兴","为民族谋幸福","","AC","无","多选题"
"398","习近平新时代中国特色社会主义思想是当代中国马克思主义、二十一世纪马克思主义，是","中华文化","中华品格","中国精神","中国力量","","AC","无","多选题"
"399","当今时代，世界进入新的动荡变革期，（  ）全局相互交织、深度互动，中国同国际社会的联系空前紧密，中国对世界的依靠、对国际事务的参与在不断加深，世界对中国的依靠、对中国的影响也在不断加深。","世界百年未有之大变局","中华民族伟大复兴战略","世纪疫情大流行","人类命运共同体建设","","AB","无","多选题"
"400","进入新时代，以习近平同志为核心的党中央准确把握我国发展新的历史方位，不断深化对","实现历史性跨越","取得历史性成就","发生历史性变革","创造历史性发展","","BC","无","多选题"
"401","在中国共产党的领导人中,最先提出“马克思主义中国化”这个命题的是(  )","毛泽东","陈独秀","周恩来","李大钊","","A","无","单选题"
"402","最先提出“马克思主义中国化”这个命题的报告是( )","《中国革命和中国共产党》","《新民主主义论》","《论新阶段》","《论持久战》","","C","无","单选题"
"403","毛泽东思想产生和形成的实践基础是()。","中国共产党领导的工人运动","中国共产党领导的农民运动","中国共产党领导的学生运动","中国共产党领导的革命和建设实践","","D","无","单选题"
"404","实事求是思想路线的前提和基础是()。","解放思想","实践是检验真理的标准","一切从实际出发","理论联系实际","","C","无","单选题"
"405","在毛泽东思想科学体系的内容中,最主体的内容是()。","思想政治工作和文化工作的理论","党的建设的理论","新民主主义革命的理论","社会主义革命和社会主义建设理论","","C","无","单选题"
"406","实事求是思想路线的根本途径和方法是()。","吐故纳新","理论联系实际","调查研究","不断创新与发展","","B","无","单选题"
"407","毛泽东思想与中国特色社会主义理论体系的关系是()。","完全矛盾的","根本对立","继承和发展","不相关的两回事","","C","无","单选题"
"408","新民主主义革命的中心内容是()。","没收封建地主阶级的土地归农民所有","建设农村根据地","人民民主政权建设","没收一切私有财产归全民所有","","A","无","单选题"
"409","近代中国的社会性质和主要矛盾决定了中国革命是()。","无产阶级革命","旧民主主义革命","资产阶级民主革命","社会主义革命","","C","无","单选题"
"410","延安整风运动是一次思想解放运动,这主要是指()。","摆脱资产阶级思想的影响","冲破共产国际和以王明为代表的教条主义束缚","摆脱小资产阶级思想的影响","摆脱曾长期存在的封建家长制影响","","B","无","单选题"
"411","新民主主义的文化纲领是()。","无产阶级的社会主义文化","民族的科学的大众的文化","文艺为工农兵服务","古为今用,洋为中用","","B","无","单选题"
"412","1954 年,同仁堂实行公私合营后,工人们干劲十足。他们的感受是:“以前再怎么样也是给东","排除资本家的管理","变私有制为公有制","提高了生产效率","变资本家所有为工人所有","","B","无","单选题"
"413","党在过渡时期总路线的主体是()。","逐步实现对手工业的社会主义改造","逐步实现对农业的社会主义改造","逐步实现社会主义工业化","逐步实现对资本主义工商业的社会主义改造","","C","无","单选题"
"414","1953 年 9 月,毛泽东在对民主党派和工商界部分代表讲话时指出:改造资本主义工商业和逐","剥夺资本家的财产","排挤私营工商业","国家资本主义","保护民族工商业","","C","无","单选题"
"415","土地改革完成之后国内的主要矛盾是()。","资产阶级和工人阶级的矛盾","人民日益增长的物质文化需要同落后的社会生产之间的矛盾","农民阶级与地主阶级的矛盾","帝国主义与中华民族的矛盾","","A","无","单选题"
"416","我国对农业的社会主义改造采取的过渡形式是()。","初级社互助组高级社","高级社初级社互助组","互助组高级社初级社","互助组初级社高级社","","D","无","单选题"
"417","一九五六年三大社会主义改造的基本完成,标志着我国()。","实现了国民经济的全面恢复","社会主义制度的基本确立","第二个五年计划的胜利完成新民主主义社会的开始","新民主主义社会的开始","","B","无","单选题"
"418","毛泽东提出要实现马克思主义与中国实际的“第二次结合”,其目的是()。","进行社会主义革命","突破社会主义苏联模式的束缚","探索中国自己的社会主义建设道路","扩大社会主义民主健全社会主义法制","","C","无","单选题"
"419","《论十大关系》的发表标志着()。","社会主义制度基本建立","社会主义改造完成","党探索中国社会主义建设道路的良好开端","社会主义建设道路的开始","","C","无","单选题"
"420","据《剑桥中国史》记载:第一个五年计划是一个令人吃惊的成功。国民收入年平均增长率为","建立了门类比较齐全的工业体系","已经实现了社会主义工业化","初步改变了我国工业落后的面貌","经济工作中存在着严重冒进倾向","","C","无","单选题"
"421","20 世纪 50 年代,陈云提出了()。","“两个主体,三个补充”的思想","“三个主体,三个补充”的思想","“三个主体,两个补充”的思想","“两个主体,两个补充”的思想","","B","无","单选题"
"422","在探索适合中国国情的社会主义道路的问题上,提出整顿工业企业,改善和加强企业管理,","彭德怀","毛泽东","邓小平","陈云","","C","无","单选题"
"423","中国共产党在与民主党派的关系上应实行()。","团结-批评-团结","轮流执政","既利用又限制","长期存在，互相监督","","D","无","单选题"
"424","邓小平强调指出,促进我国经济和社会可持续发展,必须在保持经济增长的同时()。","计划生育","坚持人口自然资源生态环境的协调发展","加强金融改革,保护金融稳定","开发能源,发展交通,加强基础设施建设","","B","无","单选题"
"425","邓小平提出,我国社会主义法制建设的要求是()。","依法治国,建设社会主义法制国家","构建完善的社会主义法律体系","有法可依有法必依执法必严违法必究","健全社会主义民主法制","","C","无","单选题"
"426","由于我国跨越了资本主义高度发展阶段,是从半殖民地半封建社会直接进入社会主义社会,","我们的生产力不发达,而贫穷不是社会主义","我们还处于向社会主义的过渡时期","我们搞的社会主义在补资本主义的课","我国还存在着腐朽的资本主义思想的影响","","A","无","单选题"
"427","邓小平多次指出,在改革中我们必须始终坚持的两条根本原则是()。","按劳分配和市场经济","对内改革和对外开放","实行按劳分配,改善人民生活","坚持公有制为主体,实现共同富裕","","D","无","单选题"
"428","发展生产力是社会主义的()。","根本目的","根本任务","发展动力","根本要求","","B","无","单选题"
"429","提出“一国两制”构想的是()。","毛泽东","周恩来","邓小平","江泽民","","C","无","单选题"
"430","总结我们新中国成立以来社会主义建设的经验教训。最重要的一条是()。","没有搞清楚什么是社会主义","没有注意提高人民的生活水平","没有重视发展生产力","犯了“左”倾错误","","A","无","单选题"
"431","提出建立社会主义市场经济体制的会议是()。","十二大","十四大","十四届三中全会","十五大","","B","无","单选题"
"432","邓小平告诫我们:“90  年代经济如果出问题,很可能出在农业上;如果农业出了问题,多少年","是我国国民经济中的第一大产业","对国民经济的发展起主导作用","是经济现代化的重要特征","在国民经济中处于基础地位","","D","无","单选题"
"433","把邓小平理论确定为党的指导思想并写入党章的会议是党的()。","十五大","十五届四中全会","十六大","十七大","","A","无","单选题"
"434","邓小平指出:“贫穷不是社会主义,社会主义要消灭贫穷。”这个论断()。","体现了社会主义本质的要求","概括了社会主义的特征","明确了社会主义的发展方向","概括了社会主义生产的目的","","A","无","单选题"
"435","邓小平在南方谈话中说,抓住时机,发展自己,关键是发展()。","教育","经济","政治","军事","","B","无","单选题"
"436","社会主义初级阶段基本纲领和基本路线的关系,党的基本纲领是基本路线的()。","展开","重要内容","核心内容","组成部分","","A","无","单选题"
"437","我国社会主义初级阶段的起点是()。","中华人民共和国成立","社会主义改造基本完成","国民经济恢复任务的完成","党的十二大","","B","无","单选题"
"438","我们党第一次使用“初级阶段”这一概念是在()。","十一届三中全会","十一届六中全会","十二大","十二届三中全会","","B","无","单选题"
"439","关于科学技术的极端重要性,邓小平有一著名论断,这就是()。","中国的工业由大变强要靠科技创新","科技工作要面向经济建设","中国必须在世界高科技领域占有一席之地","科学技术是第一生产力","","D","无","单选题"
"440","邓小平同志反复强调一定要把“什么是社会主义”和“怎样建设社会主义”这个首要的基","搞清楚社会主义的发展方向","认清社会主义的本质","确立改革的目标模式","突破计划经济为主的传统观念","","B","无","单选题"
"441","“怎样建设社会主义”的核心是()。","社会主义发展道路问题","正确处理改革发展与稳定的关系问题","确立社会主义发展阶段的问题","为人民服务的问题","","A","无","单选题"
"442","社会主义市场经济的特色是()。","坚持对内改革和对外开放的结合","坚持市场经济和计划经济的结合","坚持社会主义制度与市场经济的结合","坚持经济发展与保护环境的结合","","C","无","单选题"
"443","邓小平对党的思想路线的贡献在于()。","提出实事求是","强调解放思想","提出“三个有利于”标准","提出实践是检验真理的唯一标准","","B","无","单选题"
"444","我国经济特区在于实行特殊的()。","文化制度","政治制度","经济制度","经济政策和经济管理体制","","D","无","单选题"
"445","正式提出分“三步走”基本实现现代化的发展战略,是在党的()。","十二大","十三大","十四大","十五大","","B","无","单选题"
"446","科学发展观的核心是()。","以人为本","发展","全面协调可持续","统筹兼顾","","A","无","单选题"
"447","社会主义核心价值体系是()。","强国之路","力量之源","兴国之魂","执政之基","","C","无","单选题"
"448","","以促进城乡一体化为核心","以促进农民增收为核心","以发展现代农业为核心","以培养现代农民为核心","","B","无","单选题"
"449","构建和谐社会最根本的应取决于两条,其中之一就是要把“蛋糕分好”,这是指()。","实现经济社会环境的可持续发展","大力发展社会生产力","坚持走共同富裕的道路","建立新的更加科学的国民经济核算体系","","C","无","单选题"
"450","毛泽东思想形成的时代条件是()。","俄国十月革命开辟了世界无产阶级社会主义革命的新时代","中国是一个半殖民地半封建的社会","中国革命进入新民主主义革命时期","第一次世界大战的爆发","","A","无","单选题"
"451","实事求是的思想路线在全党得到了确立是()。","中国共产党的七大","遵义会议","中国共产党六届六中全会","中国共产党的十一届三中全会","","A","无","单选题"
"452","毛泽东完整地提出了中国共产党在新民主主义革命阶段的总路线和总政策的会议是()。","晋绥干部会议","西北野战军前委扩大会议","延安反侵略大会","八七会议","","A","无","单选题"
"453","毛泽东在《反对本本主义》一文中反对的主要错误倾向是(  )。","宗派主义","经验主义","教条主义","关门主义","","C","无","单选题"
"454","马克思主义最重要的理论品质是()。","科学严谨","变革创新","求真务实","与时俱进","","D","无","单选题"
"455","结束了王明“左”倾冒险主义在党中央统治的会议是()。","八七会议","遵义会议","中共七届二中全会","晋绥干部会议","","B","无","单选题"
"456","把毛泽东思想作为党的指导思想写进党章的会议是(  )。","中共五大","中共六大","中共七大","中共八大","","C","无","单选题"
"457","1943 年 7 月,在《中国共产党与中国民族解放运动的道路》一文中,第一次提出“毛泽东思","张闻天","刘少奇","周恩来","王稼祥","","D","无","单选题"
"458","毛泽东思想得到多方面的展开而达到成熟是在()。","国民革命时期","土地革命战争时期","土地革命战争后期和抗日战争时期","解放战争时期","","C","无","单选题"
"459","毛泽东思想是关于( )。","中国革命和建设的正确的理论原则和经验总结","新民主主义革命的理论","新民主主义革命和社会主义建设的理论","社会主义建设的理论","","A","无","单选题"
"460","下列著作中,已经包含了毛泽东思想的活的灵魂的是()。","《星星之火,可以燎原》","《反对本本主义》","《中国革命和中国共产党》","《实践论》","","B","无","单选题"
"461","党的六届七中全会通过的决议是()。","《关于建国以来党的若干历史问题的决议》","《中共中央扩大的六中全会政治决议案》","《关于若干历史问题的决议》","《古田会议决议》","","C","无","单选题"
"462","毛泽东思想初步形成于()。","国民革命时期","土地革命前期中期","抗日战争时期","解放战争时期","","B","无","单选题"
"463","毛泽东第一次提出新民主主义革命的科学概念和总路线的著作是()。","《目前时局与党的政策》","《新民主主义论》","《中国革命和中国共产党》","《政策和经验的关系》","","C","无","单选题"
"464","毛泽东思想趋于成熟的标志是( )","提出新民主主义革命的基本思想","提出把马克思列宁主义同中国革命和建设的具体实际进行第二次结合","系统阐述新民主主义革命理论","提出农村包围城市武装夺取政权的思想","","C","无","单选题"
"465","在毛泽东思想形成的过程中,毛泽东同志发表过很多著名的文章,以下四篇文章中发表最早","《实践论》","《论持久战》","《论联合政府》","《星星之火,可以燎原》","","D","无","单选题"
"466","毛泽东的建党学说特别注重( )","制度建党","组织入党","批评和自我批评","思想建党","","D","无","单选题"
"467","毛泽东思想形成和发展的时代主题是(  )。","战争与革命","和平与发展","民主与人权","革命与发展","","A","无","单选题"
"468","1941 年 3 月,在《论布尔什维克的教育家》一文中,首次使用“毛泽东同志的思想”这一概","张如心","艾思奇","张申府","陈云","","A","无","单选题"
"469","毛泽东对党的“实事求是”的科学含义做了马克思主义的界定的著作是()。","《矛盾论》","《实践论》","《改造我们的学习》","《反对本本主义》","","C","无","单选题"
"470","延安整风运动开始于()。","1941 年","1942 年","1943 年","1944 年","","A","无","单选题"
"471","二十世纪中国人民在前进道路上经历了三次历史性的巨大变化,其中在以毛泽东为核心的第一代领导集体领导下发生的历史巨变是指()。","集中力量进行社会主义现代化建设","进行国民革命,推翻北洋军阀政权","建立了社会主义制度","进行人民革命,建立中华人民共和国和社会主义制度","","D","无","单选题"
"472","马克思主义中国化时代化的基本要求是()。","把马克思主义基本原理同中国具体实际相结合","坚持科学理论的指导","反对教条主义","坚持走群众路线","","A","无","单选题"
"473","中国共产党对中国革命应分两步走有了初步认识,是在()。","中共一大","中共二大","中共三大","中共四大","","B","无","单选题"
"474","明确提出“关于主观主义”问题的文献是()。","《关于纠正党内的错误思想》","《井冈山的斗争》","《中国的红色政权为什么能够存在》","《古田会议决议》","","D","无","单选题"
"475","毛泽东思想写入党章,确立为党的指导思想是在()。","遵义会议","党的六届六中全会","党的七大","党的八大","","C","无","单选题"
"476","第一次使用了“毛泽东思想的活的灵魂”的表述是在()。","《我们是能够克服困难的》","《论联合政府》","《中国共产党与中国民族解放的道路》","《中共中央关于建国以来党的若干历史问题的决议》","","D","无","单选题"
"477","中共十一届三中全会以后,对毛泽东和毛泽东思想历史地位做出科学评价的历史文献是()。","《解放思想,实事求是,团结一致向前看》","《关于建国以来党的若干历史问题的决议》","《关于社会主义精神文明建设指导方针的决议》","《全面开创社会主义现代化建设的新局面》","","B","无","单选题"
"478","马克思主义中国化时代化的第一次历史性飞跃发生在()。","新民主主义革命时期","解放战争时期","社会主义改造时期","社会主义建设时期","","A","无","单选题"
"479","在中国共产党的历史上,最早使用“统一战线”的概念的是()。","李达","陈独秀","瞿秋白","邓中夏","","C","无","单选题"
"480","毛泽东对民族资产阶级两面性做了着重分析的文章是()。","《国民革命与农民运动》","《中国共产党在抗日时期的任务》","《中国社会各阶级的分析》","《为争取千百万群众进入抗日民族统一战线而斗争》","","C","无","单选题"
"481","人民军队的根本宗旨是( )","三大纪律,八项注意","党指挥枪","枪指挥党","全心全意为人民服务","","D","无","单选题"
"482","党的全部工作的出发点和归宿是()。","团结一致向前看","独立自主","求真务实","必须尊重群众的利益和愿望","","D","无","单选题"
"483","开辟世界无产阶级社会主义革命新纪元的是()。","五四运动","第一次世界大战","俄国十月革命","辛亥革命","","C","无","单选题"
"484","","中共二大","国民党一大","中共一大","中共三大","","A","无","单选题"
"485","近代中国社会各种矛盾中最主要的矛盾是( )","资产阶级和无产阶级的矛盾","帝国主义和中华民族的矛盾","地主阶级和农民阶级的矛盾","封建主义和人民大众的矛盾","","B","无","单选题"
"486","完整表述新民主主义革命的总路线内容是在()。","《中国革命和中国共产党》","《在晋绥干部会议上的讲话》","《中国社会各阶级的分析》","《目前的形势和我们的任务》","","B","无","单选题"
"487","毛泽东首次明确提出“新民主主义革命”这一科学概念的著作是()。","《〈共产党人〉发刊词》","《中国革命和中国共产党》","《新民主主义论》","《整顿党的作风》","","B","无","单选题"
"488","区别新民主主义与旧民主主义革命的根本标志是()。","中国革命是资产阶级民主革命还是无产阶级民主革命","近代中国的基本国情是半殖民地半封建性质还是封建社会性质","近代中国社会主要矛盾是帝国主义和中华民族矛盾还是封建主义和人民大众矛盾","革命的领导权掌握在无产阶级手中还是掌握在资产阶级手中","","D","无","单选题"
"489","以下举措中,包含着新民主主义革命和社会主义革命的双重性质的是(  )。","保护民族工商业","没收官僚资本","土地革命","建立国营经济","","B","无","单选题"
"490","毛泽东在《星星之火,可以燎原》中提出的重要思想是()。","以武装斗争为主要革命形式","以合法斗争为主要革命形式","党的工作以城市为中心","党的工作应以乡村为中心","","D","无","单选题"
"491","毛泽东提出“须知政权是由枪杆子中取得的”著名论断是在()。","中共七大","赣南会议","古田会议","八七会议","","D","无","单选题"
"492","新民主主义革命总路线的核心是()。","工农联盟的建立","人民大众的参加","无产阶级的领导","共产党的建设","","C","无","单选题"
"493","标志着毛泽东人民民主专政理论形成的著作是()。","《新民主主义论》","《论联合政府》","《论人民民主专政》","《将革命进行到底》","","C","无","单选题"
"494","抗日战争时期,毛泽东提出建立新民主主义共和国方案的著作是()。","《国民革命与农民问题》","《新民主主义论》","《将革命进行到底》","《中国的红色政权为什么能够存在?》","","B","无","单选题"
"495","中国共产党在民主革命中战胜敌人的三大法宝是()。","统一战线武装斗争党的建设","土地革命党的建设武装斗争","工农运动武装斗争党的建设","武装斗争土地革命统一战线","","A","无","单选题"
"496","新民主主义革命阶段的开端是","十月革命","辛亥革命","五四运动","中国共产党的成立","","C","无","单选题"
"497","抗日战争时期,延安整风运动的方针是()。","惩前毖后治病救人","有错必纠有反必肃","坦白从宽抗拒从严","批评与自我批评","","A","无","单选题"
"498","陈独秀说:“中国国民党目前的使命……是:统帅革命的资产阶级,联合革命的无产阶级,实","抹杀农民阶级的革命性","夸大资产阶级的作用","放弃无产阶级的领导权","忽视武装斗争的重要性","","C","无","单选题"
"499","红色政权能够存在和发展的根本原因是()。","相当力量的正式红军的存在","大革命存留的政治影响","全国革命形势的继续发展","中国是一个经济政治发展极端不平衡的半殖民地半封建大国","","D","无","单选题"
"500","“因为中国资产阶级根本上与剥削农民的豪绅地主相联结相混合,中国革命要推翻豪绅地","忽视了反对帝国主义的必要性","混淆了民主革命和社会主义革命的任务","未能区分中国资产阶级的两部分","不承认中国资产阶级与地主阶级的区别","","B","无","单选题"
"501","抗日民族统一战线中的顽固势力是指()。","亲英美派大地主大资产阶级","民族资产阶级","亲日派大地主大资产阶级","地方实力派","","A","无","单选题"
"502","在《中国革命和中国共产党》中,毛泽东论述了民主革命和社会主义革命的关系。他指出:","资本主义道路在中国走不通","俄国十月革命为中国提供了经验","中国国情决定中国革命","民主革命中包含了社会主义因素","","C","无","单选题"
"503","毛泽东的《星星之火,可以燎原》回答了()。","人民军队的宗旨","“红旗到底打得多久”的疑问","根据地建设是红色政权的战略依托","党的工作中心是由“乡村向城市的转移”","","B","无","单选题"
"504","建立新型人民军队的根本原则是坚持()。","一切行动听指挥","全心全意为人民服务","党指挥枪","人民战争的理论和一系列的战略战术原则","","C","无","单选题"
"505","近代中国革命进入了新民主主义革命阶段的开端或标志是()。","辛亥革命","五四运动","抗日战争","中华人民共和国成立","","B","无","单选题"
"506","人民军队的宗旨是()。","全心全意为人民服务","维护世界和平","开展政治工作","打仗,筹款,做群众工作","","A","无","单选题"
"507","无产阶级及其政党实现领导权的根本保证是()。","坚持独立自主的原则","建立和发展人民的革命武装力量","加强无产阶级政党的建设","建立以工农联盟为基础的统一战线","","C","无","单选题"
"508","不是中国新民主主义革命对象的是()。","帝国主义","封建主义","民族资产阶级","官僚资产阶级","","C","无","单选题"
"509","新民主主义国家的国体是()。","无产阶级专政","资产阶级专政","所有阶级的共同专政","无产阶级领导的各革命阶级的联合专政","","D","无","单选题"
"510","在中国革命进程中,具有新民主主义革命和社会主义革命双重性质的事件是()。","没收封建地主阶级的土地归农民所有","没收官僚资本归新民主主义国家所有","没收帝国主义在华企业归新民主主义国家所有","赎买民族工商业归人民民主专政国家所有","","B","无","单选题"
"511","“举起你的左手打倒帝国主义,举起你的右手打倒共产党。”这句话活灵活现地勾画出民族","两重性","软弱性","动摇性","革命性","","A","无","单选题"
"512","毛泽东人民战争战略战术思想的核心是()。","战略进攻和战略决战的思想","积极防御的思想","战略上藐视敌人,战术上重视敌人的思想","集中优势兵力打歼灭战的思想","","B","无","单选题"
"513","官僚买办资产阶级和民族资产阶级的主要区别是()。","是否代表资本主义的生产关系","是否与帝国主义封建主义有极密切的关系","是否与劳动人民存在对抗性质的矛盾","是否与无产阶级存在对抗性质的矛盾","","D","无","单选题"
"514","人民军队区别于一切旧式军队的主要标志是()。","废除了雇佣制","有良好军纪","政治建军","反对单纯军事观点","","C","无","单选题"
"515","提出“先有农村红军,后有城市政权”论断的领导人是()。","彭德怀","张闻天","周恩来","刘少奇","","C","无","单选题"
"516","1946 年 8 月,毛泽东在同美国记者谈话时提出的著名论断是()。","帝国主义和一切反动派都是纸老虎","兵民是胜利之本","“没有调查就没有发言权”","将革命进行到底","","A","无","单选题"
"517","近代中国一切灾难和祸害的总根源,也是阻碍中国发展和进步的根本原因是(  )","官僚资产阶级的压迫","中国封建势力的统治","民族资产阶级的软弱","帝国主义的侵略","","D","无","单选题"
"518","抗日战争时期,中国共产党解决土地问题的政策是()","没收地主土地","消灭封建和半封建剥削制度","减租减息","孤立地主阶级","","C","无","单选题"
"519","土地革命战争时期,中国共产党在政权问题上的基本主张是()。","建立民主联合政府","建立工农民主专政的政权","建立新民主主义共和国","建立人民民主专政的政权","","B","无","单选题"
"520","毛泽东在《反对本本主义》一文中所反对的主要错误倾向是()。","宗派主义","冒险主义","经验主义","教条主义","","D","无","单选题"
"521","中国共产党提出把中国“稳步由农业国转变为工业国,由新民主主义国家转变为社会主义国","中共七大","七届二中全会","七届三中全会","中共八大","","B","无","单选题"
"522","新民主主义社会的性质是()。","由新民主主义到社会主义转变的过渡性质的社会","资本主义社会","社会主义社会","后资本主义社会","","A","无","单选题"
"523","在农业社会主义改造中建立的初级农业生产合作社属于()。","中国特色的资本主义经济","中国特色的社会主义经济","半社会主义性质的经济","本质上仍然是个体经济","","C","无","单选题"
"524","国民经济恢复是在()。","1949-1950 年","1949-1951 年","1949-1952 年","1949-1953 年","","C","无","单选题"
"525","在新民主主义建设时期,国家资本主义经济是私人资本主义()。","向社会主义经济过渡的形式","向社会主义国营经济过渡的形式","向社会主义集体经济过渡的形式","向国家垄断资本主义过渡的形式","","B","无","单选题"
"526","在社会主义改造中,中国共产党对资本主义工商业所采取的政策是()。","限制","赎买","没收","征用","","B","无","单选题"
"527","","统筹兼顾","劳资两利","公私兼顾","四马分肥","","D","无","单选题"
"528","我国对个体手工业进行社会主义改造的主要方式是()。","赎买","合作化","公私合营","统购统销","","B","无","单选题"
"529","党的过渡时期总路线中所指的过渡时期是()。","从中华人民共和国成立到国民经济恢复","从国民经济恢复到社会主义改造基本完成","从中华人民共和国成立到社会主义改造基本完成","从中华人民共和国成立到党的十一届三中全会召开","","C","无","单选题"
"530","新中国成立初期,中国共产党在土地改革中对富农的政策是()。","征收富农多余的土地财产","消灭富农经济","限制富农经济","保存富农经济","","D","无","单选题"
"531","党在过渡时期总路线的“主体”是()。","逐步实现对手工业的社会主义改造","逐步实现对农业的社会主义改造","逐步实现社会主义工业化","逐步实现对资本主义工商业的社会主义改造","","C","无","单选题"
"532","毛泽东正式提出过渡时期总路线和总任务是在()。","1951 年","1952 年","1953 年","1954 年","","C","无","单选题"
"533","过渡时期总路线中的“一化”是指()。","工业化","现代化","城市化","集体化","","A","无","单选题"
"534","过渡时期总路线最显著的特点是()。","社会主义改造和工业化同时并举","社会主义改造和社会主义改革同时并举","民主革命和社会主义革命同时并举","先合作化,后工业化","","A","无","单选题"
"535","资本主义工商业的社会主义改造基本完成的标志是 1956 年年底的()。","国家对私营企业计划订货统购包销或经销代销","个别企业的公私合营","全行业公私合营","取消定息","","C","无","单选题"
"536","在如何引导农民走上社会主义道路的问题上,毛泽东认为严重的问题是如何()。","处理中农的土地问题","处理富农的土地问题","推翻封建主义剥削的问题","教育农民的问题","","D","无","单选题"
"537","在对手工业的社会主义改造中,建立手工业生产合作社。手工业者的生产资料()。","归个人所有","一部分归个人一部分归集体所有","归集体所有","归国家所有","","C","无","单选题"
"538","我国农业社会主义改造的方针是()。","先机械化,后合作化","先合作化,后机械化","积极领导,稳步前进","依靠贫农,团结中农","","C","无","单选题"
"539","第一届全国人民代表大会召开的时间是()。","1949 年 9 月","1952 年 9 月","1954 年 9 月","1956 年 9 月","","C","无","单选题"
"540","毛泽东做《关于正确处理人民内部矛盾的问题》的报告的时间是()。","1956 年 4 月","1956 年 9 月","1957 年 2 月","1957 年 10 月","","C","无","单选题"
"541","1950 年 6 月,中央政府颁布的土地法是()。","《中国土地法大纲》","《中华人民共和国土地法》","《中国土地改革法》","《中华人民共和国土地改革法》","","D","无","单选题"
"542","党的七届三中全会后“五反”运动开展的领域是()。","国营企业","私营企业","党政机关","合作社","","B","无","单选题"
"543","新中国成立后,党和政府推进社会主义三大改造的实质是()。","确立国营经济的基础地位","实现大规模的农业合作化","恢复国民经济","变革生产关系","","D","无","单选题"
"544","提出过渡时期的总路线,其实质就是要使生产资料的社会主义所有制成为我们国家和社会","唯一的经济基础","主要的经济基础","一般的经济基础","次要的经济基础","","A","无","单选题"
"545","我国对资本主义工商业进行社会主义改造的第二步骤是()。","国家在私营工业中实行委托加工计划订货","对工农业产品实行统购包销,经销代销","实行个别企业公私合营","实行全行业的公私合营","","C","无","单选题"
"546","我国在资本主义工商业的社会主义改造中,对资本家实行()。","利用限制改造的方针","团结教育改造的方针","斗争限制改造的方针","团结教育利用的方针","","B","无","单选题"
"547","新中国成立初期,针对党政干部中存在的腐化问题,中国共产党开展了()。","三查运动","五反运动","三反运动","四清运动","","C","无","单选题"
"548","我国顺利开展对资本主义和平赎买的重要原因是()。","国家对粮食和工业原料的统购统销","土地改革的完成","农民私有土地制的建立","农业社会主义改造的完成","","A","无","单选题"
"549","党提出过渡时期总路线的物质基础是()。","以国家资本主义形式对工商业的调整","土改的完成和农业互助合作组织的建立","相对强大的国营经济的建立","强大的社会主义阵营的支持和援助","","C","无","单选题"
"550","毛泽东在《论十大关系》中提出了社会主义建设的一个基本方针是()。","调动一切积极因素为社会主义事业服务","彻底消灭剥削制度,肃清反革命残余势力","建设社会主义必须根据本国情况走自己的道路","从落后的农业国转变为先进的工业国","","A","无","单选题"
"551","中共“八大”关于政治报告的决议指出我们国内的主要矛盾是()。","人民对建立先进的工业国的要求同落后的农业国的现实之间的矛盾,人民对于经济文化飞速发展的需要同当前经济文化不能满足人民需要的状况之间的矛盾","人民日益增长的美好生活需要和不平衡不充分的发展之间的矛盾","生产关系和生产力之间的矛盾,上层建筑和经济基础之间的矛盾","无产阶级同资产阶级之间的矛盾","","A","无","单选题"
"552","我国社会生产力落后,经济基础薄弱,所以要优先发展()。","重工业","轻工业","农业","商业","","A","无","单选题"
"553","中共“八大”提出的我国经济建设的基本方针是()。","鼓足干劲,力争上游,多快好省地建设社会主义","建设规模必须同国力相适应","调整巩固充实提高","既反保守又反冒进,在综合平衡中稳步前进","","D","无","单选题"
"554","苏共二十大之后,毛泽东提出要实现马克思主义与中国实际的“第二次结合”,其目的是()。","进行社会主义革命","突破社会主义苏联模式的束缚","探索中国自己的社会主义建设道路","扩大社会主义民主健全社会主义法制","","C","无","单选题"
"555","毛泽东提出关于社会主义社会基本矛盾和社会主义社会两类社会矛盾学说的著作是","《要团结一切可以团结的力量》","《再论无产阶级专政的历史经验》","《关于正确处理人民内部矛盾的问题》","《在中国共产党全国代表大会上的讲话》","","C","无","单选题"
"556","","1958 年社会主义建设总路线的提出","中共“八大”的召开","全国范围内的土地改革","进行三大改造","","B","无","单选题"
"557","中共八大做出正确决策的基础是()。","对国内主要矛盾的分析","全国人民建设社会主义的热情很高","全国土地改革的完成","社会主义建设总路线的制定","","A","无","单选题"
"558","毛泽东认为,中国工业化道路最重要的问题是()。","处理好沿海工业和内地工业的关系","处理好重工业和轻工业农业的关系","处理好中央和地方的关系","处理好工业现代化和农业现代化的关系","","B","无","单选题"
"559","1958 年,中共提出建设社会主义的总路线,主要教训是 ()。","生产关系一定要适应生产力的发展","经济建设的速度一定要快速发展","社会主义阶段要实行按劳分配","经济指导方针要符合经济规律","","D","无","单选题"
"560","刘少奇提出,我们应该学会自己走路,应该根据中国的特点,采取适合中国情况的方法来进","经济办法管理经济","调整的办法管理经济","理论与实际相结合的方法管理经济","矛盾分析的方法管理经济","","A","无","单选题"
"561","20 世纪 50 年代，周恩来提出知识分子()。","已经是工人阶级的一部分","绝大多数已经是劳动人民的知识分子","绝大多数已经是领导阶级的知识分子","绝大多数已经是党的同路人","","A","无","单选题"
"562","1956 年苏共二十大以后,毛泽东认为它对我们最重要的教益是()。","要全盘否定苏联的经验,走中国自己的发展道路","只有按照苏联的模式才能建设社会主义","要独立思考,“以苏为鉴”,探索自己的道路","以阶级斗争为纲","","C","无","单选题"
"563","党的文化工作的基本方针是()。","加强政治工作","百花齐放，百家争鸣","古为今用","洋为中用","","B","无","单选题"
"564","毛泽东强调,建设社会主义,首先必须依靠()。","中国共产党的领导","苏联的帮助","工农群众,充分调动工农群众的积极性","民族资产阶级的努力","","C","无","单选题"
"565","怎样建设社会主义,核心是()。","社会主义发展道路问题","正确处理改革发展与稳定的关系问题","确立社会主义发展阶段的问题","如何解放和发展生产力的问题","","A","无","单选题"
"566","标志着党探索社会主义建设道路开端的报告是()。","《反对资本主义》","《论十大关系》","《读苏联〈政治经济学教科书〉的谈话》","《向科学进军》","","B","无","单选题"
"567","新中国成立初期,我国主要学习哪个国家的经验?()","美国","苏联","英国","新加坡","","B","无","单选题"
"568","1958 年 10 月,山东省范县县委书记在向全县人民所做的报告中指出:“人人进入新乐园,吃","人民的生活水平提高了","农民的生产积极性高涨","农村生产力和自然资源遭到破坏","联产承包责任制的实行","","C","无","单选题"
"569","20 世纪50 年代,中国一些农村中流传着一首打油诗:“实行公社化,不分你我他,人都是公家","优先发展重工业的战略存在严重弊端","“大办工业”忽视了客观经济规律","社会主要矛盾的变化","经济体制妨碍了生产力发展","","D","无","单选题"
"570","以下史实违背了生产关系一定要适应生产力发展这一客观规律的是()。","人民公社化运动","抗美援朝战争爆发","资本主义工商业改造","“大跃进”运动","","A","无","单选题"
"571","在我国社会主义建设初期,“党的好干部”是()。","王进喜","雷锋","焦裕禄","邓稼先","","C","无","单选题"
"572","“大跃进”和人民公社化运动是()。","广大群众建设社会主义热情高涨的进步产物","党在探索建设社会主义道路中的一次严重失误","社会主义建设必需的方式","三大改造的继续","","B","无","单选题"
"573","社会主义社会的基本矛盾是()。","对抗性的","非对抗性","不可调和的","针锋相对的","","B","无","单选题"
"574","20 世纪50 年代,我国提出了建设四个现代化的社会主义强国的战略目标,其中四个现代化是","工业农业商业和国防","工业农业商业和科学技术","工业农业国防和科学技术","工业农业国防和交通业","","C","无","单选题"
"575","提出“两种劳动制度两种教育制度”思想的领导同志是()。","周恩来","毛泽东","叶剑英","刘少奇","","D","无","单选题"
"576","下列关于中共八大与十一届三中全会相同点的说法正确的是()。","都认为实践是检验真理的唯一标准","都做出了实行改革开放的伟大决策","都把发展生产作为党和国家的重点","都结束了长期以来的“左”倾错误","","C","无","单选题"
"577","1956 年中共中央召开的知识分子问题会议,对知识分子的社会阶级的认定是( )。","知识分子是小资产阶级","知识分子是民族资产阶级","知识分子是地主阶级","知识分子是工人阶级的一部分","","D","无","单选题"
"578","处在我国经济工作首位的是()。","农业","工业","科学技术","能源和交通","","A","无","单选题"
"579","邓小平说:“没有民主就没有社会主义,就没有社会主义的现代化。”这个论断指出了()。","社会主义民主的特点","社会主义民主的性质","社会主义民主的本质","民主和社会主义的必然联系","","D","无","单选题"
"580","我国实行民族区域自治的历史依据是()。","各民族聚居区发展的不平衡性","统一的多民族国家的长期存在和发展","各民族大杂居小聚居的人口分布格局","近代以来各民族在共同反抗外来侵略斗争中形成的爱国主义精神","","B","无","单选题"
"581","体现社会主义本质的前提是()。","坚持马克思主义基本原理","坚持“三个有利于”的判断标准","坚持社会主义市场经济的改革目标","坚持公有制和按劳分配,并坚持它们的主体地位","","D","无","单选题"
"582","建设中国特色社会主义首要的基本理论问题是()。","建设什么样的党,怎样建设党","坚持以经济建设为中心","什么是马克思主义,怎样坚持马克思主义","什么是社会主义,怎样建设社会主义","","D","无","单选题"
"583","检验真理的唯一标准是()。","马列主义毛泽东思想","实践","“两个凡是”","生产力","","B","无","单选题"
"584","党在社会主义初级阶段的基本路线的“两个基本点”是()。","发展社会主义民主,加强社会主义法制","以经济建设为中心,以生态建设为抓手","坚持四项基本原则,坚持改革开放","自力更生,艰苦创业","","C","无","单选题"
"585","第一次全面系统地论述社会主义初级阶段理论是在()。","十一届三中全会","十二大","十三大","十四大","","C","无","单选题"
"586","邓小平理论形成的现实依据是()。","世界共产主义运动的实践","当代国际局势的新发展","发展中国家现代化建设的实践","我国改革开放和现代化建设的实践","","D","无","单选题"
"587","实施科教兴国战略,体现了邓小平关于()。","尊重知识,尊重人才的思想","提高全民族的思想道德素质和教育科学文化水平的思想","科学技术是第一生产力的思想","教育要面向现代化面向世界面向未来的思想","","C","无","单选题"
"588","坚持党的基本路线不动摇,关键是坚持()。","四项基本原则不动摇","改革开放不动摇","经济建设为中心不动摇","坚持社会主义道路不动摇","","C","无","单选题"
"589","“三个代表”重要思想创造性地回答了()。","建设什么样的党怎样建设党的问题","实现什么样的发展怎样发展的问题","什么是社会主义怎样建设社会主义的问题","什么是马克思主义怎样对待马克思主义的问题","","A","无","单选题"
"590","党执政兴国的第一要务是()。","教育","发展","改革","稳定","","B","无","单选题"
"591","贯彻“三个代表”重要思想,核心是()。","坚持与时俱进","坚持党的先进性","坚持廉洁奉公","坚持创新性","","B","无","单选题"
"592","","先进生产力","先进文化","人民群众的支持和拥护","人类社会发展规律","","C","无","单选题"
"593","标志着我国对外开放进入新阶段的重大举措是()。","兴办经济特区","开放沿江城市","扩大出口","实施“走出去”战略","","D","无","单选题"
"594","“三个代表”重要思想是在()。","科学判断党的历史方位的基础上提出来的","发展社会主义市场经济条件下提出来的","全面建成小康社会的条件下提出来的","中华民族实现伟大复兴的形势下提出来的","","A","无","单选题"
"595","为适应经济全球化的趋势,中国不断扩大对外开放。21 世纪初中国对外开放进入新阶段的标","开发开放浦东","加入世界贸易组织","建立海南经济特区","14 个沿海港口城市开放","","B","无","单选题"
"596","十六大重申,在世界多样化格局中处理国际事务的精神是()。","平等互利,和睦相处","平等互信包容互鉴合作共赢","相互尊重,求同存异","互信互利平等协作","","C","无","单选题"
"597","中国主导创建的国际组织是()。","亚太经合组织","国际货币基金组织","中国-东盟自由贸易区","上海合作组织","","D","无","单选题"
"598","成为中国 20 世纪 90 年代进一步对外开放的重要标志的是()。","沿海港口城市的开放","海南经济特区的设置","开发开放浦东","开辟闽东南沿海经济开放区","","C","无","单选题"
"599","","党的全部理论和工作要体现时代性,把握规律性,富于创造性","要看到国内外形势发生的重大变化","从主观主义经验主义和形而上学的桎梏中解放出来","把思想认识从那些不合时宜的观念做法和体制的束缚中解放出来","","A","无","单选题"
"600","“三个代表”重要思想形成的现实依据是()。","和平与发展成为时代主题","党的建设面临的新形势新任务","社会主义兴衰成败的历史经验","中国改革开放和现代化建设","","B","无","单选题"
"601","“三个代表”重要思想是全党全国人民在新世纪新阶段继续团结奋斗的()。","共同奋斗目标","共同文化基础","共同思想基础","共同精神食粮","","C","无","单选题"
"602","“三个代表”重要思想的根本出发点和落脚点是()。","扩大党的群众基础","坚持党的先进性","确保人民共享经济繁荣成果","始终代表中国最广大人民根本利益","","D","无","单选题"
"603","“三个代表”重要思想坚持马克思主义的世界观和方法论,创造性地运用它们分析当今世界","运用辩证唯物主义和历史唯物主义认识和把握社会发展规律推进我国社会主义事业做出了新的理论概括","坚持马克思主义的最终奋斗目标根据实际制定和实施推动我国社会主义发展的科学战略提供了新的理论基础","坚持马克思主义的群众观点不断实现最广大人民的根本利益提出了新的理论要求","坚持马克思主义基本原理不断在实践中推进理论创新打开了新的理论视野","","A","无","单选题"
"604","“三个代表”重要思想坚持党的最高纲领和最低纲领的统一,为我们()。","运用辩证唯物主义和历史唯物主义认识和把握社会发展规律推进我国社会主义事业做出了新的理论概括","坚持马克思主义的最终奋斗目标根据实际制定和实施推动我国社会主义发展的科学战略提供了新的理论基础","坚持马克思主义的群众观点不断实现最广大人民的根本利益提出了新的理论要求","坚持马克思主义基本原理不断在实践中推进理论创新打开了新的理论视野","","B","无","单选题"
"605","“三个代表”重要思想坚持马克思主义关于无产阶级政党必须植根于人民的政治立场,注重","运用辩证唯物主义和历史唯物主义认识和把握社会发展规律推进我国社会主义事业作出了新的理论概括","坚持马克思主义的最终奋斗目标根据实际制定和实施推动我国社会主义发展的科学战略提供了新的理论基础","坚持马克思主义的群众观点不断实现最广大人民的根本利益提出了新的理论要求","坚持马克思主义基本原理不断在实践中推进理论创新打开了新的理论视野","","C","无","单选题"
"606","“三个代表”重要思想坚持马克思主义与时俱进的理论品质,体现了马克思主义理论创新的","运用辩证唯物主义和历史唯物主义认识和把握社会发展规律推进我国社会主义事业做出了新的理论概括","坚持马克思主义的最终奋斗目标根据实际制定和实施推动我国社会主义发展的科学战略提供了新的理论基础","坚持马克思主义的群众观点不断实现最广大人民的根本利益提出了新的理论要求","坚持马克思主义基本原理不断在实践中推进理论创新打开了新的理论视野","","D","无","单选题"
"607","“三个代表”重要思想中的“始终代表中国先进生产力的发展要求”,是()。","对马克思主义关于生产力和生产关系经济基础和上层建筑的辩证关系这一基本原理的运用和阐发","对马克思主义关于物质生活和精神生活社会存在和社会意识的辩证关系这一基本原理的运用和阐发","对马克思主义关于人民群众是推动历史前进的动力这一基本原理的运用和阐发","对马克思主义关于人类文明发展的多样性和统一性这一基本原理的运用和阐发","","A","无","单选题"
"608","“三个代表”重要思想中的“始终代表中国先进文化的前进方向”是()。","对马克思主义关于生产力和生产关系经济基础和上层建筑的辩证关系这一基本原理的运用和阐发","对马克思主义关于物质生活和精神生活社会存在和社会意识的辩证关系这一基本原理的运用和阐发","对马克思主义关于人民群众是推动历史前进的动力这一基本原理的运用和阐发","对马克思主义关于人类文明发展的多样性和统一性这一基本原理的运用和阐发","","B","无","单选题"
"609","“三个代表”重要思想中的“始终代表中国最广大人民的根本利益”是()。","对马克思主义关于生产力和生产关系经济基础和上层建筑的辩证关系这一基本原理的运用和阐发","对马克思主义关于物质生活和精神生活社会存在和社会意识的辩证关系这一基本原理的运用和阐发","对马克思主义关于人民群众是推动历史前进的动力这一基本原理的运用和阐发","对马克思主义关于人类文明发展的多样性和统一性这一基本原理的运用和阐发","","C","无","单选题"
"610","首次将“三个代表”重要思想确立为党的指导思想,是在()。","党的十四大","党的十五大","十五届六中全会","党的十六大","","D","无","单选题"
"611","贯彻“三个代表”重要思想,关键在()。","坚持与时俱进","坚持党的阶级性","坚持执政为民","坚持党的先进性","","A","无","单选题"
"612","“三个代表”重要思想最初提出的时间()。","十四届四中全会","2000 年江泽民在广东视察工作","2001 年的“七一”讲话","十五届五中全会","","B","无","单选题"
"613","决定整个文化的性质和方向,统率整个文化发展的是()。","思想道德文化","社会主义文化","科学文化","民主政治文化","","B","无","单选题"
"614","马克思主义与时俱进的基本途径是()。","实践","科学发展","理论与实际相统一","与本国国情相结合","","A","无","单选题"
"615","马克思主义与时俱进的不竭动力是()。","理论联系实际","与本国国情相结合","实事求是","实践","","D","无","单选题"
"616","推动我国先进生产力发展的基本力量是()。","人民军队","包括知识分子在内的工人阶级","私营企业主","农民","","D","无","单选题"
"617","我们党在每一个阶段都有基本纲领,又叫()。","最高纲领","最低纲领","基本政策","基本路线","","B","无","单选题"
"618","","重要优势","根本保证","重要内容","基本方略","","B","无","单选题"
"619","发展社会主义民主政治,建设社会主义政治文明,是社会主义现代化建设的()。","重要目标","重要内容","重要保证","重要优势","","A","无","单选题"
"620","“传统发展观”的观点是()。","发展是指经济增长","发展是指经济增长和社会进步","发展应是可持续发展","发展应是以人为本的综合发展","","A","无","单选题"
"621","近年来,我国积极倡导绿色生活方式,鼓励消费者购买和使用节能环保产品节能省地住宅,","倡导绿色环保简约实用的装修理念,抵制奢华装修住宅","使用商场提供的购物袋或使用超薄塑料购物袋","鼓励网上购物视频会议无纸化办公","不随意丢弃废弃物,自觉进行垃圾分类","","B","无","单选题"
"622","党的十七大报告指出:科学发展观是发展中国特色社会主义必须坚持和贯彻的()。","必然要求","重大战略思想","重大指导方针","行动指南","","B","无","单选题"
"623","以人为本中的“人”是指()。","全体党员","最广大人民群众","农民阶级","工人阶级","","B","无","单选题"
"624","统筹兼顾的基本内涵是()。","既坚持高速发展,又坚持效益和质量的统一","既坚持建设高度发达的物质文明,又要建设高度发达的精神文明","既要总揽全局统筹规划,又要抓住牵动全局的主要工作事关群众利益的突出问题","既要发展,又要解决人民的利益问题","","C","无","单选题"
"625","科学发展观形成的时代背景是()。","我国社会主义建设的实践经验","社会主义初级阶段基本国情和新的阶段性特征","分析国际形势顺应世界发展趋势借鉴国外发展经验","党成立以来经验的总结","","C","无","单选题"
"626","对科学发展观的理论定位理论依据理论内涵做了全面阐述的会议是()。","党的十六大","党的十六届四中全会","党的十七大","党的十七届五中全会","","C","无","单选题"
"627","胡锦涛同志提出树立社会主义荣辱观是在()。","参加十届全国人大分组讨论会时","看望出席全国政协十届四次会议的委员时","在江苏考察工作时","总结抗击非典斗争经验时","","B","无","单选题"
"628","党的（	）大开始，中国特色社会主义进入新时代。","十六大","十七大","十八大","十九大","","C","无","单选题"
"629","坚持和完善中国特色社会主义制度推进国家治理体系和治理能力现代化，制定（	）","“十一五”","“十二五”","“十三五”","“十四五”","","D","无","单选题"
"630","我们隆重庆祝中国共产党成立一百周年……建成中国共产党历史展览馆，号召全党（	）","学习和贯彻","贯彻和执行","学习和践行","履行和践行","","C","无","单选题"
"631","面对国际局势急剧变化，特别是面对外部讹诈遏制封锁极限施压，我们坚持国家利益为重","发展利益","人民利益","国家利益","核心利益","","D","无","单选题"
"632","面对香港局势动荡变化，我们依照宪法和基本法有效实施对特别行政区的全面管治权，制","由贫到富","由富到强","由乱到治","由乱到正","","C","无","单选题"
"633","面对“台独”势力分裂活动和外部势力干涉台湾事务的严重挑衅，我们坚决开展反分裂反","维护国家主权","维护国家领土完整","实现祖国完全统一","促进国家稳定繁荣","","C","无","单选题"
"634","面对国际局势急剧变化，特别是面对外部讹诈遏制封锁极限施压，我们坚持（ ）为重国内","国家主权","国家事业","国家利益","国家稳定","","C","无","单选题"
"635","面对国际局势急剧变化，特别是面对外部讹诈遏制封锁极限施压，我们坚持国家利益为重","国内政治","国内稳定","国际外交","国际合作","","A","无","单选题"
"636","面对香港局势动荡变化，我们依照宪法和基本法有效实施对特别行政区的全面管治权，制","粤港澳大湾区","粤港澳都市圈","大亚湾经济区","海湾新区","","A","无","单选题"
"637","党的十八大以来，以习近平同志为核心的党中央顺应我国经济社会新发展和广大人民群众","“三步走”","全面建设小康社会","全面建成小康社会","全面建成社会主义现代化强国","","C","无","单选题"
"638","从奋斗目标看，党的十九大到二十大是""两个一百年""奋斗目标的（	）。","历史交汇期","战略机遇期","历史新时期","政策消化期","","A","无","单选题"
"639","第（	）届全国人民代表大会第一次会议通过的宪法修正案，郑重地把习近平新时代中","十二","十三","十四","十五","","B","无","单选题"
"640","习近平总书记指出:""经过长期努力，中国特色社会主义进入了新时代，这是我国发展新的","历史规律","历史方位","历史趋势","历史使命","","B","无","单选题"
"641","中国共产党第（	）次全国代表大会，把习近平新时代中国特色社会主义思想确立为党","十七","十五","十六","十九","","D","无","单选题"
"642","中国特色社会主义进入新时代，我们党一定要有新气象新作为，关键是党的建设新的伟大","工程","事业","梦想","斗争","","A","无","单选题"
"643","深入学习贯彻习近平新时代中国特色社会主义思想，必须把学习领会习近平新时代中国特","方向","目标","理想","梦想","","D","无","单选题"
"644","习近平总书记强调，""新时代是（	），而不是别的什么时代""。","推进国家治理体系和治理能力现代化的新时代","中国特色社会主义进入新时代","全面建成小康社会的新时代","建成社会主义现代化强国的新时代","","B","无","单选题"
"645","党的十九大报告指出，中国特色社会主义进入新时代，意味着（	）在二十一世纪的中","社会主义","科学社会主义","共产主义","中国特色社会主义","","B","无","单选题"
"646","（）第一次提出习近平新时代中国特色社会主义思想的科学概念和基本内涵。","党的十八大","党的十九大","党的十九届六中全会","党的二十大","","B","无","单选题"
"647","（）彰显了习近平新时代中国特色社会主义思想的鲜明本色和根本立场。","必须坚持自信自立","必须坚持守正创新","必须坚持问题导向","必须坚持人民至上","","D","无","单选题"
"648","习近平新时代中国特色社会主义思想的核心要义是（ ）。","八个明确","十个明确","十四个坚持","十三个方面成就","","B","无","单选题"
"649","20 世纪 70 年代，整个世界发生着大变动大调整，时代主题是（ ）。","革命与战争","合作与共赢","和平与发展","开放与融通","","C","无","单选题"
"650","2017 年，党的（ ）把习近平新时代中国特色社会主义思想确立为党必须长期坚持的指导思","十七大","十八大","十九大","二十大","","C","无","单选题"
"651","2018 年，（ ）通过宪法修正案郑重地把习近平新时代中国特色社会主义思想载入宪法，实","十三届全国人大一次会议","十三届全国人大二次会议","十四届全国人大一次会议","十四届全国人大二次会议","","A","无","单选题"
"652","（ ）是理论创新的源泉。实践发展永无止境，我们认识真理进行理论创新就永无止境。","发展","践行","实践","学习","","C","无","单选题"
"653","一系列长期积累及新出现的突出矛盾和问题亟待解决……党内存在不少对坚持党的领导认","行动乏力","行为失范","做法失态","行为失当","","A","无","单选题"
"654","一系列长期积累及新出现的突出矛盾和问题亟待解决……党内存在不少对坚持党的领导认","落实依法执政","落实深化改革","落实社会治理","落实党的领导","","D","无","单选题"
"655","一系列长期积累及新出现的突出矛盾和问题亟待解决……有些党员干部政治信仰发生动摇，","奢靡之风","不正之风","违乱之风","贪腐之风","","A","无","单选题"
"656","一系列长期积累及新出现的突出矛盾和问题亟待解决……有些党员干部政治信仰发生动摇，","违纪问题","贪腐问题","受贿问题","索贿问题","","B","无","单选题"
"657","一系列长期积累及新出现的突出矛盾和问题亟待解决……（ ）结构性体制性矛盾突出，发","经济","政治","文化","生态","","A","无","单选题"
"658","一系列长期积累及新出现的突出矛盾和问题亟待解决……经济（ ）矛盾突出，发展不平衡","结构性系统性","体制性系统性","结构性体制性","体制性机制性","","C","无","单选题"
"659","一系列长期积累及新出现的突出矛盾和问题亟待解决，拜金主义享乐主义极端个人主义和","认知","意识","行为","思想","","D","无","单选题"
"660","党和国家事业取得历史性成就发生历史性变革，推动我国迈上（ ）社会主义现代化国家新","全面建设","全面实现","全面创造","全面开启","","A","无","单选题"
"661","我们创立了（ ）思想，明确坚持和发展中国特色社会主义的基本方略，提出一系列治国理","社会主义法治","新时代中国特色社会主义","社会主义民主化","社会主义文明","","B","无","单选题"
"662","我们创立了新时代中国特色社会主义思想，明确坚持和发展中国特色社会主义的基本方略，","当前","新时代","本阶段","本世纪","","B","无","单选题"
"663","中国共产党是最高政治领导力量，坚持党中央集中统一领导是最高政治原则，系统完善党","干部制度","组织制度","政治制度","领导制度","","D","无","单选题"
"664","全党增强“（ ）”，自觉在思想上政治上行动上同党中央保持高度一致，不断提高政治判","四个自信","四个意识","四个责任","四个全面","","B","无","单选题"
"665","我们对新时代党和国家事业发展作出科学完整的战略部署……明确我国社会主要矛盾是人","社会建设","国际关系","人类文明","社会治理","","C","无","单选题"
"666","我们经过接续奋斗，实现了（ ）这个中华民族的千年梦想，我国发展站在了更高历史起点","富裕","小康","脱贫","温饱","","B","无","单选题"
"667","我们坚持（ ） 尽锐出战，打赢了人类历史上规模最大的脱贫攻坚战。","乡村振兴","精准扶贫","共同富裕","全面小康","","B","无","单选题"
"668","我们提出并贯彻新发展理念，着力推进高质量发展，推动构建（ ），实施供给侧结构性改","新发展格局","协调发展战略","创新驱动发展战略","开放战略","","A","无","单选题"
"669","我们加快推进科技自立自强……基础研究和原始创新不断加强，一些（  ）技术实现突破，","高端核心","关键核心","精锐创新","系统集成","","B","无","单选题"
"670","我们以巨大的政治勇气全面深化改革，打响改革攻坚战，加强改革（ ），敢于突进深水区，","上层建筑","战略管理","顶层设计","体制机制","","C","无","单选题"
"671","中国式现代化是走（ ）道路的现代化。我国不走一些国家通过战争殖民掠夺等方式实现现","发展团结","稳定进步","发展改革","和平发展","","D","无","单选题"
"672","全面建成社会主义现代化强国，总的战略安排是分两步走:从（ ）年基本实现社会主义现","二〇一五年到二〇三五","二〇一八年到二〇三五","二〇二〇年到二〇三五","二〇二五年到二〇三五","","C","无","单选题"
"673","未来五年是全面建设社会主义现代化国家开局起步的关键时期，主要目标任务是……中国","全球治理","一带一路","公共卫生","国际合作","","A","无","单选题"
"674","（ ）是全面建设社会主义现代化国家的首要任务。","高速度发展","高效能发展","高质量发展","高收入发展","","C","无","单选题"
"675","坚持发扬（ ）。增强全党全国各族人民的志气骨气底气，不信邪不怕鬼不怕压，知难而进","奋斗精神","斗争精神","创新精神","劳动精神","","B","无","单选题"
"676","坚持以（ ）的发展思想。","经济为中心","安全为中心","国家为中心","人民为中心","","D","无","单选题"
"677","全方位夯实粮食安全根基，全面落实粮食安全党政同责，牢牢守住（ ）亩耕地红线，逐步","十六亿","十七亿","十八亿","十九亿","","C","无","单选题"
"678","树立（ ）观，发展设施农业，构建多元化食物供给体系。","粮食安全","世界","历史","大食物","","D","无","单选题"
"679","全面推进乡村振兴。全面建设社会主义现代化国家，最艰巨最繁重的任务仍然在（ ）。","农村","城市","农民","土地","","A","无","单选题"
"680","健全主体功能区制度，优化（ ）发展格局。推进以人为核心的新型城镇化，加快农业转移","城市规划","耕地生态","国土空间","农村地区","","C","无","单选题"
"681","","人民","共同","协商","公开","","C","无","单选题"
"682","增强中华文明传播力影响力。坚守（ ）立场，提炼展示中华文明的精神标识和文化精髓，","中华文化","中华文明","中华价值","中华精神","","A","无","单选题"
"683","如期实现建军一百年奋斗目标，加快把人民军队建成（ ）军队，是全面建设社会主义现代","国际一流","国际标准","世界一流","世界标准","","C","无","单选题"
"684","中国坚定奉行（ ）的和平外交政策，始终根据事情本身的是非曲直决定自己的立场和政策，","特立独行","独立自主","依靠大国","“一边倒”","","B","无","单选题"
"685","经济发展必须在优化结构、提高质量和效益的基础上,调整经济结构,实现速度、结构、  质","贯彻科教兴国战略","着力提高企业的经济效益","实现经济增长方式由粗放型向集约型转变","把发展作为党执政兴国的第一要务","","C","无","单选题"
"686","科学发展观的基本要求是()。","以人为本","发展","全面协调可持续","统筹兼顾","","C","无","单选题"
"687","目前我国社会主要矛盾已经转化为人民日益增长的美好生活需要和不平衡不充分的发展之","党的十八届五中全会","党的十九大","党的十八大","党的十八届三中全会","","B","无","单选题"
"688","科学发展观的根本方法是()。","以人为本","发展","全面协调可持续","统筹兼顾","","D","无","单选题"
"689","科学发展观的第一要义是()。","以人为本","发展","全面协调可持续","统筹兼顾","","B","无","单选题"
"690","长期以来,我国一直以 GDP 作为衡量政绩的重要指标。为了追求政绩,一些地方贪大求洋,搞","表明市场经济自身存在着不足","是粗放型经济增长方式的体现","表明宏观调控不灵","忽视了现代化科学技术的超前性","","B","无","单选题"
"691","科学发展观的实质是()。","发展才是硬道理","把发展速度放在第一位","全面、协调、可持续发展","实现经济社会更快更好地发展","","D","无","单选题"
"692","十六届六中全会明确提出的任务是()。","科学发展","转变经济发展方式","建设创新型政府","建设服务型政府,强化社会管理和公共服务职能","","D","无","单选题"
"693","中共十八大首次将科学发展观确立为党的()。","执政理念","执政目标","指导思想","根本宗旨","","C","无","单选题"
"694","以人为本作为科学发展观的核心,要求始终把实现好、维护好、发展好最广大人民的根本利","首要任务","中心任务","出发点和落脚点","决策依据","","C","无","单选题"
"695","生产发展、生活富裕、生态良好之间的辩证关系是()。","生产发展是社会发展的物质基础,生活富裕是生产发展的结果,生态良好决定着生产发展和人民生活的可持续程度","生态良好是基础,只有生态良好了,才可能有生产发展和生活富裕","生活富裕是基础,生产发展和生态良好是目的","由于我国经济增长的资源代价过大,国家应当把主要精力从发展生产转移到提高人民生活水平和保护生态环境上来","","A","无","单选题"
"696","落实科学发展观,就必须树立正确的政绩观,我们要用全面的、实践的、群众的观点看待政绩,追求政绩的根本出发点和归宿是()。","建设社会主义和谐社会","实现人民群众的根本利益","贯彻“三个代表”重要思想","实现高速发展","","B","无","单选题"
"697","下列关于可持续发展的叙述,错误的是()。","美国经济学家鲍尔丁提出了循环经济的概念","可持续发展是一种“先污染,后治理”的发展","不仅要满足人们的物质生活需要,而且要使人们生活的环境不断得到改善","可持续发展理念现已得到世界各国的普遍承认和接受","","B","无","单选题"
"698","科学发展观形成的现实依据是()。","我国社会主义建设的实践经验","社会主义初级阶段基本国情和新的阶段性特征","国外发展理论的有益成果","党成立以来经验的总结","","B","无","单选题"
"699","科学发展观形成的历史依据是()。","我国社会主义建设的实践经验","社会主义初级阶段基本国情和新的阶段性特征","国外发展理论的有益成果","党成立以来经验的总结","","A","无","单选题"
"700","中国共产党第（	）次全国代表大会，是在全党全国各族人民迈上全面建设社会主义","十七","十八","十九","二十","","D","无","单选题"
"701","中国共产党已走过（	）年奋斗历程。","七十","八十","九十","百","","D","无","单选题"
"702","（	）以来的五年，是极不寻常、极不平凡的五年。","十六大","十七大","十八大","十九大","","D","无","单选题"
"703","党中央统筹中华民族伟大复兴（	）和世界百年未有之大变局，召开七次全会。","战略布局","战略结构","战略全局","战略方式","","C","无","单选题"
"704","党中央统筹中华民族伟大复兴战略全局和世界百年未有之大变局，召开七次全会，分别就","宪法","基本法","法律","司法","","A","无","单选题"
"705","党中央统筹中华民族伟大复兴战略全局和世界百年未有之大变局，召开（	）全会，","四次","五次","六次","七次","","D","无","单选题"
"706","面对突如其来的新冠肺炎疫情，我们坚持（	）、生命至上，坚持外防输入、内防反","物资至上","法律至上","事业至上","人民至上","","D","无","单选题"
"707","面对香港局势动荡变化，我们依照宪法和基本法有效实施对特别行政区的全面管治权，制定实施（ ），落实“爱国者治港”原则，香港局势实现由乱到治的重大转折，深入推进粤港澳大湾区建设，支持香港、澳门发展经济、改善民生、保持稳定。","香港特别行政区特别行政法","香港特别行政区维护国家安全法","香港特别行政区基本法","香港特别行政区廉政公署条例","","B","无","单选题"
"708","面对香港局势动荡变化，我们依照宪法和基本法有效实施对特别行政区的全面管治权，制","港人治港","爱国者治港","国人治港","全民治港","","B","无","单选题"
"709","面对“台独”势力分裂活动和外部势力干涉台湾事务的严重挑衅，我们坚决开展反分裂、","战略主动","战略自信","战略能力","战略手段","","A","无","单选题"
"710","面对国际局势急剧变化，特别是面对外部讹诈、遏制、封锁、极限施压，我们坚持国家利","战略主动","战略自信","战略方式","战略定力","","D","无","单选题"
"711","面对“台独”势力分裂活动和外部势力干涉台湾事务的严重挑衅，我们坚决开展反分裂、","一国两制","一个中国","领土完整","国家统一","","B","无","单选题"
"712","","胡锦涛","邓小平","江泽民","习近平","","D","无","单选题"
"713","（	）是人类文明进步的基础，也是马克思主义最基本的范畴之一。","改革","发展","创新","进步","","B","无","单选题"
"714","以科学发展为主题，是（	）的要求，关系改革开放和现代化建设全局。","时代","现实","历史","人民","","A","无","单选题"
"715","坚持科学发展，必须加快（	）经济发展方式。","调整","转变","改变","创新","","B","无","单选题"
"716","加快转变经济发展方式要正确认识和处理发展（	）的辩证关系，抓紧解决我国发展面","“好”与“快”","“质”与“量”","“好”与“量”","“质”与“快”","","A","无","单选题"
"717","坚持科学发展，必须推动科学技术的（	）。","创新式发展","改革式发展","平行式发展","跨越式发展","","D","无","单选题"
"718","我国发展重要战略机遇期存在的基本条件和我国发展机遇大于挑战的基本面（	）因为","会","不会","并没有","还没有","","C","无","单选题"
"719","明确提出了到 2020 年要全面（	）小康社会，是我们党对人民的庄严承诺，是全国各族人","建设","建成","奔赴","追求","","B","无","单选题"
"720","以人为本的“人”，是指（	），就是以工人、农民、知识分子等劳动者为主体，包括","人民群众","人民","公民","全民","","A","无","单选题"
"721","以人为本，继承了中国古代的（	）。","仁思想","仁者爱人思想","尚同尚贤思想","民本思想","","D","无","单选题"
"722","人民群众是历史的创造者，是推动社会发展的（	）力量。","中坚","重要性","决定性","推动性","","C","无","单选题"
"723","推动城乡发展一体化，是解决“三农”问题的（	）途径。","根本","唯一","重要","关键","","A","无","单选题"
"724","社会主义的根本任务是（	），马克思主义执政党必须高度重视解放和发展生产力。","解放社会生产力","发展社会生产力","创造社会生产力","重塑社会生产力","","B","无","单选题"
"725","人是生产力中（	）的因素。","最活跃","最重要","最稳定","最广泛","","A","无","单选题"
"726","发展先进文化，就是发展（	），就是建设社会主义精神文明。","中国传统文化","中国特色社会主义的文化","中国文化","中国优秀文化","","B","无","单选题"
"727","发展（	），就是发展面向现代化、面向世界、面向未来的，民族的科学的大众的社会主","中国文化","传统文化","民族文化","先进文化","","D","无","单选题"
"728","（	）是发展先进文化、建设物质文明和精神文明建设的基础工程。","德育","美育","体育","教育","","D","无","单选题"
"729","发展必须毫不动摇地坚持党在社会主义（	）的基本路线。","初步阶段","初始阶段","初级阶段","中级阶段","","C","无","单选题"
"730","坚持党 的基本路线不动摇，关键是坚持以（	）为中心不动摇。","经济建设","政治建设","文化建设","生态文明建设","","A","无","单选题"
"731","（	）是我们的立国之本。","中国共产党的领导","四项基本原则","改革开放","以经济建设社为中心","","B","无","单选题"
"732","（	）是我们的强国之路。","以经济建设社为中心","中国共产党的领导","四项基本原则","改革开放","","D","无","单选题"
"733","在社会主义条件下发展（  ），是改革开放新的历史性突破，打开 了我国经济、政治和文化发展的崭新局面，是前无古人的伟大创举，是中 国共产党人对马克思主义发展作出的历史性贡献，具有特殊重要的意义。","计划经济","市场经济","商品经济","混合经济","","B","无","单选题"
"734","中国共产党既是中国先进文化的积极引领者和践行者，又是（）的忠实传承者和弘扬者，","革命文化","社会主义先进文化","中华文明","中华优秀传统文化","","D","无","单选题"
"735","党的（	）报告中初步勾画了实现第三步战略目标的蓝图。","十三大","十四大","十五大","十六大","","C","无","单选题"
"736","江泽民在党的十五大报告中明确指岀，（	）是党领导人民治理国家的基本方略，是发","依法治国","以德治国","法制建设","政治建设","","A","无","单选题"
"737","建设社会主义政治文明，必须尊重和保障（	）。","公平","生命权","人权","自由","","C","无","单选题"
"738","坚持中国共产党的领导，核心是坚持党的（	）。","进步性","先进性","核心性","唯一性","","B","无","单选题"
"739","我们坚信马克思主义关于人类社会必然走向（	）这一基本原理。","平均主义","社会主义","资产主义","共产主义","","D","无","单选题"
"740","（	）是我们党一贯坚持的根本组织制度和领导制度。","民主集中制","民主","集中","公平","","A","无","单选题"
"741","坚决反对和防止（	）是全党一项重大的政治任务。","渗透","腐朽","腐败","堕落","","C","无","单选题"
"742","（	）反映了当代世界和中国的发展变化对党和国家工作 的新要求，是加强和改进党的","毛泽东思想","邓小平理论","“三个代表”重要思想","科学发展观","","C","无","单选题"
"743","建设社会主义和谐文化的根本是（ ）","建设社会主义核心价值体系","发展教育和科学","营造良好的文化环境","深化文化体制改革","","A","无","单选题"
"744","社会主义文化建设包括思想道德建设和（	）","民主法制建设","科学文化建设","教育体制建设","全民素质建设","","B","无","单选题"
"745","现阶段我国各族人民的共同理想是（	）","把我国建设成为富强、民主、文明的社会主义现代化国家","实现祖国统一","建立各尽所能，按需分配的共产主义社会","人均国民生产总值到 2000 年翻两番，实现小康","","A","无","单选题"
"746","社会主义精神文明建设的目标是（	）","在全社会形成共同的理想和精神支柱","引导人们树立正确的三观（世界观、人生观、价值观）","培育有理想、有道德、有文化、有纪律的公民","形成面向现代化、面向世界、面向未来的，民族的、科学的、大众的文化","","C","无","单选题"
"747","我国人民民主专政的实质是（	）","人民当家作主","全国人民对少数敌人实行专政","无产阶级民主","无产阶级专政","","D","无","单选题"
"748","我国的政体是（	）","人民民主专政","人民代表大会制度","共产党领导下的多党合作和政治协商制度","民族区域自治制度","","B","无","单选题"
"749","中共十六大报告指出，发展社会主义民主政治，最根本的是要把坚持党的领导、人民当家","法制建设有机统一起来","依法治国有机统一起来","政治体制改革有机统一起来","社会稳定有机统一起来","","B","无","单选题"
"750","依法治国的主体是（	）","党领导下的人民群众","国家事务","宪法和法律","人民政府","","A","无","单选题"
"751","我国的政党制度是（	）","共产党的一党制","共产党和民主党派的多党制","共产党领导的多党合作和政治协商制度","共产党和民主党派共同执政的两党制","","C","无","单选题"
"752","在全国人口总数只有 9%的 55 个少数民族，占全国人大代表数的 136%，这说明（	）","我国已经形成了新型的平等、团结、互助的社会主义民族关系","55 个少数民族享有当家作主，行使民族区域自治的权利","民族平等是民族团结的可靠保证","我国各族人民拥有平等参与管理国家事务的权利","","D","无","单选题"
"753","我国确立以公有制为主体、多种所有制经济共同发展的基本经济制度的根据是(	)","社会主义本质的理论","社会主义性质和初级阶段的国情","社会主义建设的经验教训","社会主义市场经济的客观要求","","B","无","单选题"
"754","实现经济社会可持续发展的关键是（	）","经济社会发展与人口、资源、环境相协调","速度、比例和效益的统一","改革、发展和稳定的统一","科技、教育与经济发展相协调","","A","无","单选题"
"755","对社会主义市场经济体制正确的理解是（	）","社会主义市场经济体制与资本主义市场经济体制的区别在于是否有国家的宏观调控","市场调节完全受价值规律的支配，国家宏观调控则主要是行政手段","在资源配置中市场的基础性作用与国家的宏观调控是内在统一的","社会主义市场经济体制同社会主义基本制度结合在一起，说明市场经济本身就有一个姓","","C","无","单选题"
"756","所有制的实现形式是指（	）","资本的占有形式","资本的运行方式","资本的组织形式和经营方式","资本的生产方式","","C","无","单选题"
"757","在下列收入中属于按劳分配性质的收入是（	）","个体劳动者的劳动所得","外资企业职工的工资收入","股份制企业职工按股分红收入","集体企业职工工资奖金收入","","D","无","单选题"
"758","国有经济的主导作用主要体现在（	）上","竞争力","公有经济在国民经济中占优势","控制力","股份制","","C","无","单选题"
"759","我国改革开放以来，在对市场经济认识上的重大突破是（	）","市场机制对资源配置起基础性作用","市场经济是法制经济","市场经济不属于社会基本制度范畴","市场经济是有国家干预的经济","","C","无","单选题"
"760","改革开放以来出现的新的社会阶层是中国特色社会主义事业的（	）","建设者","根本力量","有益补充","基本力量","","A","无","单选题"
"761","我国解决民族问题的基本原则是（	）","坚持民族平等、民族团结、民族共同繁荣","坚持民族平等、民族团结、民族进步","坚持民族平等、民族团结、民族发展","坚持民族平等、民族团结、民族和谐","","A","无","单选题"
"762","加强党的建设，关键是（	）","加强思想建设","加强组织建设","加强作风建设","坚持从严治党","","D","无","单选题"
"763","加强党的执政能力建设，必须坚持的核心是（	）","保持党同人民群众的血肉联系","建设高素质的干部队伍","改革和完善党的领导体制和工作机制","加强党的基层组织和党员队伍建设","","A","无","单选题"
"764","保持党的先进性和纯洁性，增强党的凝聚力和战斗力的保证是（	）","全心全意为人民服务","贯彻民主集中制原则","发扬党内民主","坚持从严治党","","D","无","单选题"
"765","当今世界和平与发展的主要障碍是（	）","领土争端","民族矛盾","宗教纷争","霸权主义和强权政治","","D","无","单选题"
"766","我国外交政策的宗旨和目标是（	）","维护世界和平、促进共同发展","独立自主、不结盟","坚持和发展同第三世界国家的关系","建立公正合理的国际政治经济新秩序","","A","无","单选题"
"767","中共十六届六中全会审议通过的《中共中央关于构建社会主义和谐社会若干重大问题的决","民主法治、公平正义、诚信友爱、充满活力、安定有序、人与自然和谐相处的社会","全体人民各尽其能、各得其所而又和谐相处的社会","在中国特色社会主义道路上，中国共产党领导全体人民共同建设、共同享有和谐社会","经济建设、政治建设、文化建设协调发展的社会","","A","无","单选题"
"768","为构建社会主义和谐社会提供了最根本的保证的是(	)","依法治国","中国共产党的领导和社会主义制度","人民代表大会制度","党的建设","","B","无","单选题"
"769","党从全面建设小康社会、开创中国特色社会主义事业新局面的全局出发提出的一项重大任","加强党的执政能力建设","大力开展反腐倡廉工作","构建社会主义和谐社会","增强社会主义综合国力","","C","无","单选题"
"770","1938 年，（	）在党的六届六中全会上作的题为《论新阶段》的政治报告中最先提出了","李大钊","恽代英","毛泽东","刘少奇","","C","无","单选题"
"771","马克思主义中国化的基本要求是(	)","把马克思主义基本原理同中国具体实际相结合","把马克思主义同外国经验相结合","反对教条主义和经验主义","坚持调查研究和走群众路线","","A","无","单选题"
"772","毛泽东思想形成的时代条件是﹙	﹚。","中国沦为半殖民地半封建社会","十月革命开辟的世界无产阶级革命新时代","第一次世界大战的爆发","中国工人阶级的成长壮大","","B","无","单选题"
"773","邓小平理论是在以什么为时代主题的历史条件和国际背景下产生的(	)","战争和革命","知识经济","冷战与地区冲突","和平与发展","","D","无","单选题"
"774","通过决议在党章中把邓小平理论确立为党的指导思想是（	）","十二大","十五大","十四大","十一届三中全会","","B","无","单选题"
"775","我们党把马列主义同中国实际相结合的第二次历史性飞跃产生的理论成果称为“邓小平理论”，是因为（	）","邓小平是中国共产党第二代领导集体的核心","邓小平是伟大的理论家和政治家","邓小平是我国改革开放和现代化建设的总设计师","邓小平是其主要创立者","","C","无","单选题"
"776","邓小平第一次提出“建设有中国特色的社会主义”这一科学命题是在（	）","1978 年召开的十一届三中全会上","1981 年所召开的党的十一届六中全会上","1982 所召开的十二大上","1987 年所召开的党的十三大上","","C","无","单选题"
"777","邓小平理论是（	）","当代中国的马克思主义","马克思主义在中国发展的新阶段","关于中国建设的理论","关于中国革命的理论","","A","无","单选题"
"778","党的十六大报告指出，“三个代表”重要思想，是在(	)","和平与发展成为时代主题背景下提出来的","科学判断党的历史方位的基础上提出来的","总结国外政党执政经验的基础上提出来的","经济全球化的背景下提出来的","","B","无","单选题"
"779","2000 年江泽民在广东考察时，提出﹙	﹚的思想，并把它与“ 解放思想、实事求是”联","独立自主","求真务实","与时俱进","三个代表","","D","无","单选题"
"780","始终做到（	），是我们党的立党之本、执政之基、力量之源。","“两个文明建设”","“三个文明建设”","以经济建设为中","“三个代表”","","D","无","单选题"
"781","三个代表”重要思想创造性地回答的一个主要理论问题是( )","什么是社会主义，怎样建设社会主义","建设什么样的党，怎样建设党","什么是解放思想、实事求是、与时俱进","发展是党执政兴国的第一要务","","B","无","单选题"
"782","马克思主义的理论品质是（	）","解放思想","实事求是","开拓创新","与时俱进","","D","无","单选题"
"783","“马克思主义有与时俱进的理论品质”是江泽民在（	）提出来的。","建党 80 周年的讲话","党的十五大","党的十四大","党的十六届三中全会","","A","无","单选题"
"784","贯彻“三个代表”重要思想的关键是（	）","立党为公、执政为民","坚持与时俱进","坚持党的先进性","理论创新","","B","无","单选题"
"785","科学发展观的本质和核心是(	)","以人为本","全面协调可持续发展","促进社会全面进步","实现经济社会又快又好发展","","A","无","单选题"
"786","科学发展观的第一要义是(	)","发展","以人为本","全面协调可持续发展","实现经济社会又快又好发展","","A","无","单选题"
"787","实事求是中的“是”是指（	）","客观事物的规律性","道理","道路","事实","","A","无","单选题"
"788","党的十六大通过的新党章明确指出，党的思想路线是（	）","解放思想，实事求是，走自己的路","解放思想，与时俱进，开拓创新","一切从实际出发，理论联系实际，实事求是，在实践中检验真理和发展真理","一切从实际出发，解放思想，实事求是，与时俱进，在实践中检验和发展真理","","C","无","单选题"
"789","","实事求是的重要性","解放思想的重要性","改革开放的重要性","破除迷信的重要性","","B","无","单选题"
"790","（	）是邓小平理论的精髓","解放和发展生产力","建设有中国特色的社会主义","解放思想、实事求是","社会主义市场经济理论","","C","无","单选题"
"791","社会发展和变革的先导是在实践基础上的(	)。","科技创新","制度创新","文化创新","理论创新","","D","无","单选题"
"792","1978 年开始的农村改革，其主要内容是（	）","农业合作社","家庭联产承包责任制","农业现代化","租赁承包","","B","无","单选题"
"793","改革是中国的第二次革命，这是相对（	）而言的。","文化大革命","辛亥革命","新民主主义革命","计划经济体制","","C","无","单选题"
"794","改革、发展、稳定三者之间的关系应该是（	）","动力、目的、前提","目的、前提、动力","前提、动力、目的","动力、前提、目的","","A","无","单选题"
"795","我国发展对外经济关系的最主要形式是（）","发展国际旅游业","对外贸易","国际劳务合作","国际资金往来","","B","无","单选题"
"796","我国发展对外经济关系的基础是（	）","独立自主、自力更生","引进先进技术","引进外资","引进先进管理","","A","无","单选题"
"797","中共十六大报告指出，一个民族进步的灵魂，一个国家兴旺发达的不竭动力，一个政党永","创新","改革","革命","发展","","A","无","单选题"
"798","社会主义初级阶段是指（	）","任何国家进入社会主义都会经历的起始阶段","资本主义向社会主义的过渡阶段","我国生产力落后,商品经济不发达条件下建设社会主义必然要经历的阶段","新民主主义向社会主义过渡的阶段","","C","无","单选题"
"799","中国最大的实际是（	）","中国已经是社会主义社会","中国是最大的发展中国家","中国现在处于并将长期处于社会主义初级阶段","中国正致力于实现社会主义现代化","","C","无","单选题"
"800","我国社会主义社会的主要矛盾是:（ ）","工人阶级与资产阶级之间的矛盾","人民日益增长的物质文化需要同落后的社会生产之间的矛盾","促进效率提高与体现社会公平之间的矛盾","人口增长与经济发展不相适应的矛盾","","B","无","单选题"
"801","党的十五大第一次系统地阐述了党在社会主义初级阶段的（	）","基本路线","基本目标","基本政策","基本纲领","","D","无","单选题"
"802","坚持党的基本路线不动摇关键是坚持（	）","改革开放不动摇","两手抓两手都要硬的方针不动摇","四项基本原则不动摇","以经济建设为中心不动摇","","D","无","单选题"
"803","我国社会主义初级阶段的时间跨度是指（	）","中华人民共和国成立到社会主义现代化基本实现","社会主义改造基本完成到社会主义现代化基本实现","中华人民共和国成立到社会主义改造基本完成","社会主义改造基本完成到实现发达的社会主义","","B","无","单选题"
"804","坚持四项基本原则的核心是（	）","坚持社会主义道路","坚持人民民主专政","坚持共产党的领导","坚持马列主义、毛泽东思想","","C","无","单选题"
"805","“三步走”的我国经济建设的战略部署中，第二步所要达到的目标是（	）","解决人民的温饱问题","人均国民生产总值达到中等发达国家","人民生活达到小康水平","人民生活比较富裕，基本实现现代化","","C","无","单选题"
"806","从社会主义现代化建设的战略部署来看，全面建设小康社会属于（	）","“三步走”战略的第二步","“三步走”战略的第一步","“三步走”战略的第二步和第三步之间的过渡","“三步走”战略第三步战略目标必经的承上启下的发展阶段","","D","无","单选题"
"807","以下哪一项不属于邓小平 1992 年南方谈话中阐述的理论和思想（	）","社会主义市场经济理论","社会主义本质理论","社会主义初级阶段理论","“三个有利于”理论","","C","无","单选题"
"808","中共十六大提出全面建设（	）","四个现代化","社会主义市场经济","小康社会","中国特色社会主义","","C","无","单选题"
"809","中共十六大报告提出 2020 年力争比 2000 年（	）","国内生产总值翻一番","国内生产总值翻两番","人均国内生产总值番一番","人均国内生产总值翻两番","","B","无","单选题"
"810","邓小平理论中关于建设中国特色社会主义首先要搞清楚的首要基本理论问题是﹙	﹚。","解放思想，实事求是","社会主义初级阶段","是姓“资”还是姓“社”的判断标准","什么是社会主义、怎样建设社会主义","","D","无","单选题"
"811","邓小平指出:“贫穷不是社会主义，社会主义要消灭贫穷。”这个判断( )","指出了社会主义的根本任务","概括了社会主义建设的目标","明确了社会主义的发展方向","体现了社会主义本质的要求","","D","无","单选题"
"812","建国以来，我们在社会主义建设中所经历的曲折和失误，归根到底，就在于没有搞清楚（	）","什么是社会主义，怎样建设社会主义","什么是社会主义的主要矛盾","什么是社会主义的根本任务","什么是社会主义的本质","","A","无","单选题"
"813","邓小平指出，我们始终坚持两条根本原则，它们是（	）","公有制和按劳分配","人民民主专政和公有制","公有制度为主体和共同富裕","发展生产力和共同富裕","","C","无","单选题"
"814","实施科教兴国战略，要求使经济建设真正转到依靠（	）","科学研究和科技开发的轨道上来","科技教育与生产劳动相结合的轨道上来","科技进步和提高劳动者素质的轨道上来","科技教育与市场经济结合的轨道上来","","C","无","单选题"
"815","制定和实施科教兴国战略的理论基础是（	）","科学技术是第一生产力","以经济建设为中心","百年大计，教育为本","科学发展观","","A","无","单选题"
"816","在农业社会主义改造中建立的初级农业生产合作社属于﹙	﹚。","新民主主义性质","半社会主义性质","社会主义萌芽性质","社会主义性质","","B","无","单选题"
"817","中国在对资产阶级工商业实行社会主义改造的过程中，在利润分配上采取的政策是﹙	﹚。","四马分肥","劳资两利","公私兼顾","统筹兼顾","","A","无","单选题"
"818","","调动一切积极因素，为社会主义事业服务","正确处理人民内部矛盾，巩固社会主义制度","集中力量发展生产力，建设社会主义现代化强国","加强和改进党的建设，巩固党的执政地位","","C","无","单选题"
"819","过渡时期总路线的主要内容可用“（	）”来概括。","三化一改","一化三改","二化三改","三化二改","","B","无","单选题"
"820","近代中国社会最主要的矛盾是（	）","农民阶级和地主阶级的矛盾","帝国主义和中华民族的矛盾","封建主义和资本主义的矛盾","民族资本主义和帝国主义的矛盾","","B","无","单选题"
"821","毛泽东完整地提出新民主主义革命总路线和总政策的著作是（	）","《中国社会各阶级的分析》","《新民主主义论》","《在晋绥干部会议上的讲话》","《论人民民主专政》","","C","无","单选题"
"822","区别旧民主主义革命与新民主主义革命的根本标志是﹙	﹚。","革命的指导思想不同","革命的领导阶级不同","革命的前途不同","革命的对象不同","","B","无","单选题"
"823","武装斗争、统一战线、党的建设，是中国共产党在中国﹙	﹚中的三个基本问题和三大法","革命","建设","改革","开放","","A","无","单选题"
"824","我国社会主义改造全面推广是从（ ）开始的","1952 年","1953 年","1954 年","1955 年","","B","无","单选题"
"825","社会主义改造的道路是","照搬马克思主义的结论","中国化时代化的马克思主义的重大理论成果","与马克思主义无关","背离了马克思主义","","B","无","单选题"
"826","我国社会主义改造完成后，占统治地位的经济形式是","个体经济","公有制经济","私人资本主义经济","国家资本主义经济","","B","无","单选题"
"827","社会主义改造中最具中国特色、对马克思主义社会主义理论贡献最大的是","对资本主义工商业的改造","对农业的社会主义改造","对手工业的社会主义改造","社会主义工业化道路","","A","无","单选题"
"828","提出使中国“稳步地由农业国转变为工业国，由新民主主义国家转变为社会主义国家”两","中共七大","中共七届二中全会","中共七届三中全会","中共八大","","B","无","单选题"
"829","中国特色社会主义事业总体布局的中心和基础是:","经济建设","社会建设","文化建设","政治建设","","A","无","单选题"
"830","中国特色社会主义事业总体布局的方向和保障是:","经济建设","社会建设","文化建设","政治建设","","D","无","单选题"
"831","中国特色社会主义事业总体布局的支撑和归宿是:","经济建设","社会建设","文化建设","政治建设","","B","无","单选题"
"832","加快转变经济发展方式的关键是:","全面深化经济体制改革","实施创新驱动战略","促进区域协调发展","推动经济结构调整","","A","无","单选题"
"833","加快转变经济发展方式的主攻方向是:","全面深化经济体制改革","实施创新驱动战略","促进区域协调发展","推动经济结构调整","","D","无","单选题"
"834","依法治国的前提是","依法执政","有法可依","执法必严","违法必究","","B","无","单选题"
"835","我国的兴国之魂是:","四项基本原则","改革开放","民主政治","社会主义核心价值体系","","D","无","单选题"
"836","中国特色社会主义文化发展要坚持的方向是:","为人民服务","百家争鸣","贴近实际","面向世界","","A","无","单选题"
"837","下列哪个不是社会主义核心价值观在国家层面的要求:","富强","民主","敬业","文明","","C","无","单选题"
"838","社会主义核心价值观在社会层面的要求是:","民主","公正","爱国","诚信","","B","无","单选题"
"839","建设生态文明，就要以资源环境承载力为:","准则","基础","目标","理念","","B","无","单选题"
"840","社会和谐是中国特色社会主义的:","政治保障","本质属性","中心工作","主要矛盾","","B","无","单选题"
"841","马克思主义政党的本质属性是:","群众性","阶级性","先进性","社会性","","C","无","单选题"
"842","“以人为本”符合马克思主义:","政治经济学","辩证法","历史唯物主义","自然观","","C","无","单选题"
"843","社会主义初级阶段国情和新世纪阶段性特征是形成科学发展观的:","实践基础","现实依据","历史依据","时代背景","","B","无","单选题"
"844","坚持科学发展，要把保障和改善民生作为:","主攻方向","重要支撑","根本出发点","强大动力","","C","无","单选题"
"845","坚持科学发展，要把改革开放作为:","主攻方向","重要支撑","根本落脚点","强大动力","","D","无","单选题"
"846","坚持走文明发展道路的目的是:","生产发展","生活富裕","生态良好","社会进步","","B","无","单选题"
"847","","生产发展","生活富裕","生态良好","社会进步","","A","无","单选题"
"848","坚持走文明发展道路的条件是:","生产发展","生活富裕","生态良好","社会进步","","C","无","单选题"
"849","“中国特色社会主义理论体系” 的概念提出于:","党的十五大","党的十六大","党的十七大","党的十八大","","C","无","单选题"
"850","构建社会主义和谐社会是任务提出者是:","邓小平","江泽民","胡锦涛","习近平","","C","无","单选题"
"851","党的建设是:","伟大事业","伟大工程","伟大梦想","伟大斗争","","B","无","单选题"
"852","江泽民提出“三个着眼于”是在","庆祝中国共产党成立 80 周年大会上","十四大","十五大","十六大","","A","无","单选题"
"853","江泽民提出“四个如何认识”是在","十三大","十四大","十五大","中央思想政治工作会议","","D","无","单选题"
"854","明确提出使用“社会主义市场经济体制”提法的党领导人是","邓小平","江泽民","胡锦涛","习近平","","B","无","单选题"
"855","确立我国经济体制改革目标的党的会议是","十三大","十四大","十五大","十六大","","B","无","单选题"
"856","通过《关于建立社会主 义市场经济体制若干问题的决定》的党的会议是","十三大","十四届三中全会","十五大","十五届三中全会","","B","无","单选题"
"857","我国初步建立社会主义市场经济体制是在","20 世纪 80 年代初","20 世纪 80 年代末","20 世纪 90 年代初","20 世纪末","","D","无","单选题"
"858","提出发展是党执政兴国第一要务的党的领导人是","邓小平","江泽民","胡锦涛","习近平","","B","无","单选题"
"859","提出加强文化建设，必须“以科学的理论武装人，以正确的舆论引导人，以高尚的精神塑","邓小平","胡锦涛","江泽民","习近平","","C","无","单选题"
"860","我国经济体制改革的目标是","建立社会主义商品经济体制","建立社会主义市场经济体制","改革社会主义计划经济体制","改革社会主义商品经济体制","","B","无","单选题"
"861","通过《中共中央关于加强党的建设几个重大问题的决定》的党的会议是","十四大","十四届三中全会","十四届四中全会","十五大","","C","无","单选题"
"862","江泽民提出新时期党的建设新的伟大工程总目标是在党的","十四大","十五大","十八大","十九大","","B","无","单选题"
"863","2000 年提出“四个如何认识”的党的领导人是","胡锦涛","江泽民","习近平","邓小平","","B","无","单选题"
"864","江泽民第一次指出“三个代表”重要思想所要回答和解决的正是“建设什么样的党、怎样","全国党校工作会议","中央思想政治工作会议","江苏、浙江、上海党建座谈会","中央文化工作会议","","A","无","单选题"
"865","江泽民提出“贯彻‘三个代表’要求，关键在坚持与时俱进，核心在保持党的先进性，本","全国党校工作会议上","中央思想政治工作会议上","江苏、浙江、上海党建座谈会上","中央党校省部级干部进修班毕业典礼上","","D","无","单选题"
"866","2001 年江泽民在庆祝中国共产党成立 80 周年大会的讲话中全面阐述了“三个代表”重要思","时代背景和精神实质","科学内涵和基本内容","精神实质和指导意义","历史地位和基本内容","","B","无","单选题"
"867","把社会主义物质文明、政治文明、精神文明一起确立为社会主义现代化全面发展的三大基","毛泽东","邓小平","江泽民","习近平","","C","无","单选题"
"868","","十三大","十四大","十五大","十六大","","D","无","单选题"
"869","在中共八大上提出关于社会主义经济体制实行“三个主体、三个补充”设想的是","毛泽东","刘少奇","周恩来","陈云","","D","无","单选题"
"870","新中国成立初期，提出发展商品生产、利用价值规律思想的是","毛泽东","刘少奇","邓小平","周恩来","","A","无","单选题"
"871","在社会主义改造完成后，我国政治生活的主题是","健全民主和法制","正确处理人民内部矛盾","坚持四项基本原则","进行政治体制改革","","B","无","单选题"
"872","1956 年毛泽东提出的文化工作基本方针是","发展无产阶级的思想文化","古为今用，洋为中用","百花齐放，百家争鸣","去粗取精，去伪存真","","C","无","单选题"
"873","新中国成立初期提出要注意发展手工业和农业多种经营思想的领导人是","毛泽东","朱德","邓小平","周恩来","","B","无","单选题"
"874","新中国成立初期提出企业要建立合理的规章制度和严格的责任制，要实行“两参一改三结","毛泽东","刘少奇","周恩来","邓小平","","A","无","单选题"
"875","","毛泽东","刘少奇","周恩来","邓小平","","D","无","单选题"
"876","毛泽东在“中国工业化道路”的思想中，提出重工业同轻工业、农业的关系是","发展工业必须和发展农业不能同时并举","在更多地发展农业和轻工业的基础上发展重工业","以农业为主导，工业为基础","在更多地发展轻工业的基础上发展农业和重工业","","B","无","单选题"
"877","50 年代初，中国社会主义建设选择的模式是","苏联模式","欧洲模式","美国模式","日本模式","","A","无","单选题"
"878","毛泽东提出的发展国民经济的总方针中居主导地位的是","农业","工业","国防","科技","","B","无","单选题"
"879","新中国成立初期，毛泽东提出要把我国建设成四个现代化强国，依次指","工业、农业、运输业、国防","农业、工业、运输业、国防","工业、农业、运输业、科技","农业、工业、国防、科技","","D","无","单选题"
"880","要把我国建设成为一个社会主义现代化强国，其关键是","工业的现代化","科学技术的现代化","农业的现代化","运输业的现代化","","B","无","单选题"
"881","下列事件中，不是发生在 1956 年的是","新中国第一部宪法的颁布","中共八大的召开","毛泽东发表《论十大关系》的重要讲话","社会主义改造的基本完成","","A","无","单选题"
"P001","编写程序，输出字符串：Hello, Python!","","","","","","Hello, Python!","易","编程题"
"P002","编写程序，计算并输出 1+2+3+...+10 的和","","","","","","55","易","编程题"
"P003","编写程序，输出 1 到 10 的所有偶数（每行一个）","","","","","","2\n4\n6\n8\n10","易","编程题"
"P004","编写程序，计算并输出 5 的阶乘（5!）","","","","","","120","中","编程题"
"P005","编写程序，判断一个数是否为偶数。如果输入 8，输出：8是偶数；如果输入 7，输出：7是奇数","","","","","","8是偶数","中","编程题"
"P006","编写程序，输出斐波那契数列的前 10 项（用空格分隔）","","","","","","0 1 1 2 3 5 8 13 21 34","中","编程题"
"P007","编写程序，计算并输出 1 到 100 中所有能被 3 整除的数的和","","","","","","1683","中","编程题"
"P008","编写程序，输出九九乘法表的第一行（1x1=1 1x2=2 ... 1x9=9）","","","","","","1x1=1 1x2=2 1x3=3 1x4=4 1x5=5 1x6=6 1x7=7 1x8=8 1x9=9","中","编程题"
"P009","编写程序，找出列表 [3, 1, 4, 1, 5, 9, 2, 6] 中的最大值并输出","","","","","","9","中","编程题"
"P010","编写程序，将字符串 'Python' 反转并输出","","","","","","nohtyP","中","编程题"
"P011","编写程序，计算并输出 2 的 10 次方","","","","","","1024","易","编程题"
"P012","编写程序，输出 100 以内的所有质数（用空格分隔，前5个）","","","","","","2 3 5 7 11","难","编程题"
"P013","编写程序，计算并输出字符串 'hello' 中字母 'l' 出现的次数","","","","","","2","易","编程题"
"P014","编写程序，将列表 [1, 2, 3, 4, 5] 中的所有元素相加并输出结果","","","","","","15","易","编程题"
"P015","编写程序，输出 1 到 20 中所有能被 5 整除的数（用逗号分隔）","","","","","","5,10,15,20","中","编程题"
